TEAM,GP,W,L,MIN,OFFRTG,DEFRTG,NETRTG,AST%,AST/TO,AST RATIO,OREB%,DREB%,REB%,TOV%,EFG%,TS%,PACE,PIE,POSS
Chicago Bulls,82,69,13,3946.0,112.4,100.7,11.8,65.4,1.93,19.4,37.4,67.0,52.4,14.7,51.1,54.7,91.50,58.6,"7,522"
Utah Jazz,82,64,18,3966.0,112.4,102.6,9.8,70.2,1.75,20.4,32.8,68.7,51.8,16.7,53.1,58.1,91.10,59.0,"7,520"
Miami Heat,82,61,21,3961.0,105.2,99.2,6.0,61.5,1.33,16.9,32.4,67.8,50.4,17.7,50.7,54.6,89.54,53.6,"7,393"
Houston Rockets,82,57,25,3971.0,107.5,102.8,4.7,66.3,1.47,18.7,31.8,69.2,51.4,17.8,52.0,56.0,92.73,53.6,"7,674"
New York Knicks,82,57,25,3971.0,102.9,99.5,3.4,62.8,1.24,17.2,32.3,70.0,51.9,19.2,50.1,54.6,91.84,53.7,"7,598"
Seattle SuperSonics,82,57,25,3956.0,109.6,101.0,8.5,64.4,1.57,18.1,34.1,65.7,50.0,16.3,51.0,55.7,91.68,56.2,"7,549"
Atlanta Hawks,82,56,26,3961.0,106.4,100.3,6.2,55.4,1.27,15.5,33.4,67.0,50.5,16.8,49.8,54.2,88.54,53.9,"7,304"
Los Angeles Lakers,82,56,26,3986.0,106.4,102.3,4.2,61.1,1.51,17.0,34.3,65.8,50.1,15.9,49.6,53.5,92.61,53.0,"7,705"
Charlotte Hornets,82,54,28,3961.0,109.1,107.1,2.1,67.6,1.68,19.2,31.6,66.1,49.5,16.2,51.8,56.2,90.04,52.8,"7,429"
Detroit Pistons,82,54,28,3966.0,108.5,102.6,5.9,55.0,1.49,16.1,30.2,67.5,49.2,14.6,51.2,55.4,86.09,53.0,"7,120"
Portland Trail Blazers,82,49,33,3971.0,106.3,102.1,4.2,57.0,1.26,16.1,35.8,69.1,52.7,17.8,50.3,54.4,92.17,52.7,"7,635"
Orlando Magic,82,45,37,3971.0,103.8,104.2,-0.5,59.5,1.35,16.3,33.6,65.1,49.0,16.8,48.1,52.4,89.88,48.6,"7,438"
Washington Bullets,82,44,38,3971.0,105.2,103.7,1.5,59.9,1.49,17.7,32.6,67.6,50.3,16.7,50.5,54.0,93.52,52.5,"7,746"
Cleveland Cavaliers,82,42,40,3971.0,102.7,100.8,1.9,63.4,1.44,17.5,32.2,68.1,49.9,17.0,49.3,53.1,84.31,51.2,"6,983"
Minnesota Timberwolves,82,40,42,3956.0,103.9,105.5,-1.7,63.8,1.51,17.7,32.3,64.9,48.8,16.4,48.5,53.3,92.04,50.1,"7,588"
Phoenix Suns,82,40,42,3971.0,108.0,107.1,0.9,65.8,1.75,18.9,29.7,66.3,48.2,15.1,50.8,55.2,94.46,50.9,"7,808"
Indiana Pacers,82,39,43,3986.0,104.2,102.9,1.3,61.4,1.31,16.8,33.8,66.8,50.6,17.8,49.0,53.7,90.44,50.4,"7,501"
Los Angeles Clippers,82,36,46,3986.0,103.5,106.2,-2.8,55.6,1.27,15.6,33.9,65.4,49.2,17.0,48.2,52.4,92.65,47.5,"7,703"
Sacramento Kings,82,34,48,3962.0,102.7,107.0,-4.3,59.8,1.34,16.8,34.8,66.1,50.2,17.4,48.5,52.6,92.68,47.0,"7,654"
Milwaukee Bucks,82,33,49,3946.0,104.7,106.7,-2.0,54.3,1.25,15.8,32.9,66.9,50.1,17.2,49.6,54.1,90.85,47.7,"7,465"
Golden State Warriors,82,30,52,3981.0,105.3,110.3,-5.0,60.8,1.29,16.8,34.7,64.8,49.7,18.2,49.3,54.3,93.58,46.4,"7,761"
Toronto Raptors,82,30,52,3966.0,102.9,106.4,-3.5,59.2,1.27,16.1,35.0,65.7,49.8,17.7,48.1,52.1,92.03,46.7,"7,608"
New Jersey Nets,82,26,56,3956.0,102.4,107.2,-4.8,57.6,1.34,15.5,37.6,66.9,51.3,16.6,45.6,49.9,94.47,45.7,"7,785"
Dallas Mavericks,82,24,58,3961.0,99.5,106.0,-6.5,59.1,1.26,16.0,33.2,65.0,48.8,17.7,46.9,50.9,90.65,44.8,"7,464"
Philadelphia 76ers,82,22,60,3956.0,102.6,109.5,-6.9,56.4,1.18,15.2,35.9,65.4,50.4,17.9,47.0,51.8,97.05,45.3,"8,006"
Denver Nuggets,82,21,61,3986.0,103.1,109.7,-6.6,64.4,1.39,17.4,32.4,66.6,49.6,17.5,48.6,53.0,93.67,46.1,"7,776"
San Antonio Spurs,82,20,62,3946.0,102.1,110.8,-8.8,58.8,1.34,16.3,34.4,64.3,49.0,17.1,47.2,51.2,88.45,44.0,"7,268"
Boston Celtics,82,15,67,3981.0,102.9,110.1,-7.2,58.4,1.34,16.1,32.9,65.8,48.2,16.7,47.4,52.0,96.78,43.4,"8,014"
Vancouver Grizzlies,82,14,68,3956.0,99.1,110.1,-11.0,66.1,1.43,17.9,32.5,61.8,46.9,17.6,47.1,50.7,89.70,43.3,"7,380"
Chicago Bulls,82,62,20,3971.0,106.2,98.4,7.8,63.7,1.66,18.0,38.1,67.6,52.7,15.8,47.3,51.6,90.30,56.0,"7,471"
Utah Jazz,82,62,20,3956.0,110.9,103.8,7.2,69.2,1.64,19.4,35.2,68.4,52.9,16.9,51.0,56.9,90.55,57.1,"7,464"
Los Angeles Lakers,82,61,21,3966.0,110.4,102.3,8.1,63.9,1.60,18.1,33.9,65.6,50.3,16.0,51.9,55.9,94.85,55.8,"7,836"
Seattle SuperSonics,82,61,21,3951.0,110.1,102.3,7.9,65.1,1.73,18.7,32.1,63.5,48.1,15.3,52.1,55.8,90.96,54.4,"7,487"
Indiana Pacers,82,58,24,3966.0,106.3,99.5,6.8,64.7,1.62,18.3,30.5,65.7,49.0,15.8,50.2,55.0,89.69,55.3,"7,410"
Phoenix Suns,82,56,26,3991.0,106.3,100.6,5.6,67.7,1.72,19.3,32.1,66.4,49.7,16.1,50.0,54.0,92.47,54.7,"7,685"
San Antonio Spurs,82,56,26,3966.0,102.4,98.0,4.4,63.5,1.40,17.7,32.6,69.6,52.4,17.8,49.3,53.1,89.65,55.1,"7,407"
Miami Heat,82,55,27,3951.0,105.7,100.5,5.2,61.7,1.43,17.0,33.9,66.9,50.8,16.6,49.4,53.8,89.35,53.5,"7,367"
Charlotte Hornets,82,51,31,3956.0,105.5,103.3,2.2,65.4,1.56,18.3,32.6,69.1,51.0,16.6,49.5,54.2,91.13,52.6,"7,511"
Atlanta Hawks,82,50,32,3976.0,106.5,102.5,4.0,54.3,1.29,15.3,35.6,66.9,51.8,16.5,48.1,53.3,89.10,53.2,"7,377"
Cleveland Cavaliers,82,47,35,3966.0,100.3,97.5,2.8,67.2,1.33,17.8,33.0,67.8,50.8,18.8,47.8,52.9,91.43,52.8,"7,561"
Portland Trail Blazers,82,46,36,3966.0,102.4,100.8,1.6,61.2,1.28,16.6,35.5,68.5,52.5,18.3,47.6,52.4,91.46,51.2,"7,555"
Minnesota Timberwolves,82,45,37,3986.0,106.4,105.5,0.8,65.5,1.82,18.6,33.3,65.7,49.7,14.6,48.3,52.9,93.89,51.5,"7,793"
New Jersey Nets,82,43,39,3976.0,105.8,104.3,1.5,55.2,1.43,15.3,38.3,65.0,50.8,15.3,46.3,51.3,93.16,49.7,"7,723"
New York Knicks,82,43,39,3966.0,101.5,98.8,2.7,62.4,1.43,17.3,31.9,70.3,51.2,16.9,47.6,52.1,89.53,51.7,"7,398"
Washington Wizards,82,42,40,3961.0,103.9,103.2,0.7,61.7,1.64,17.5,33.9,67.3,50.1,15.1,47.6,51.3,92.98,50.7,"7,669"
Houston Rockets,82,41,41,3966.0,105.9,106.8,-0.9,61.1,1.39,16.9,32.4,67.2,49.9,17.0,49.6,54.4,92.52,49.0,"7,649"
Orlando Magic,82,41,41,3966.0,101.0,102.2,-1.2,61.1,1.35,16.3,37.0,64.6,50.5,17.2,45.2,49.9,88.51,48.9,"7,315"
Detroit Pistons,82,37,45,3991.0,103.4,101.8,1.6,55.8,1.33,15.5,33.2,66.8,50.0,16.0,47.2,52.3,89.75,50.5,"7,468"
Boston Celtics,82,36,46,3946.0,100.8,103.5,-2.7,60.3,1.37,16.5,35.2,64.2,48.4,17.1,46.4,50.4,94.90,45.7,"7,800"
Milwaukee Bucks,82,36,46,3986.0,101.5,103.7,-2.2,56.5,1.19,15.7,34.0,66.4,50.1,18.1,47.5,52.7,91.90,48.3,"7,637"
Philadelphia 76ers,82,31,51,3951.0,101.1,103.3,-2.3,60.9,1.28,16.3,34.1,66.0,49.9,17.9,46.2,51.4,92.11,47.8,"7,570"
Sacramento Kings,82,27,55,3946.0,99.1,105.0,-5.9,62.1,1.44,17.0,32.8,64.3,48.3,16.5,46.4,50.2,93.78,45.8,"7,709"
Dallas Mavericks,82,20,62,3981.0,98.9,105.2,-6.3,53.3,1.30,14.9,30.6,63.2,46.6,15.6,45.8,49.8,91.47,44.6,"7,575"
Golden State Warriors,82,19,63,3966.0,93.9,103.5,-9.6,60.0,1.25,15.7,35.6,66.4,50.5,17.8,42.7,46.8,93.31,42.3,"7,707"
Vancouver Grizzlies,82,19,63,3966.0,102.4,110.2,-7.8,65.2,1.40,17.9,34.0,65.2,49.6,18.2,48.2,52.7,93.60,45.2,"7,735"
Los Angeles Clippers,82,17,65,3956.0,101.8,109.6,-7.7,52.3,1.16,14.6,33.0,63.8,48.1,17.1,47.7,51.8,93.74,43.7,"7,723"
Toronto Raptors,82,16,66,3986.0,99.4,108.9,-9.5,58.9,1.27,16.0,33.9,60.2,46.6,17.5,46.2,50.4,94.36,43.1,"7,829"
Denver Nuggets,82,11,71,3946.0,97.4,110.6,-13.2,57.8,1.18,15.0,33.7,63.9,48.2,17.5,44.0,49.6,91.06,40.7,"7,496"
San Antonio Spurs,50,37,13,2415.0,102.7,93.6,9.1,63.3,1.45,17.4,32.9,67.4,51.2,16.8,47.9,52.3,89.88,58.2,"4,517"
Utah Jazz,50,37,13,2435.0,104.2,96.7,7.4,71.5,1.48,19.0,32.9,67.7,51.6,18.2,48.5,54.5,88.37,59.1,"4,480"
Portland Trail Blazers,50,35,15,2435.0,102.8,96.2,6.6,61.4,1.39,16.6,34.5,68.7,51.9,16.7,47.3,52.1,90.81,55.6,"4,613"
Indiana Pacers,50,33,17,2420.0,106.6,102.2,4.3,58.1,1.55,16.4,31.0,67.1,49.5,14.6,48.6,53.7,88.16,52.6,"4,442"
Miami Heat,50,33,17,2405.0,102.9,97.1,5.8,63.1,1.37,17.1,29.9,68.3,50.3,17.2,49.4,54.0,86.35,56.0,"4,325"
Orlando Magic,50,33,17,2410.0,98.9,96.3,2.6,63.2,1.30,16.6,36.0,68.5,51.8,18.1,45.6,49.8,89.93,51.9,"4,521"
Atlanta Hawks,50,31,19,2415.0,98.4,95.3,3.1,50.7,1.05,13.0,35.3,70.1,52.7,17.0,43.6,49.2,87.10,52.5,"4,387"
Houston Rockets,50,31,19,2415.0,103.5,101.0,2.5,60.3,1.30,16.9,31.2,67.8,50.6,17.8,50.6,54.5,90.45,52.3,"4,551"
Los Angeles Lakers,50,31,19,2410.0,106.1,102.8,3.3,59.5,1.45,16.9,32.3,67.1,50.0,16.2,49.8,53.8,92.95,52.7,"4,666"
Detroit Pistons,50,29,21,2410.0,102.4,98.4,4.0,60.8,1.28,16.4,33.1,69.7,51.4,17.9,48.0,52.8,87.93,51.5,"4,411"
Milwaukee Bucks,50,28,22,2410.0,102.9,101.2,1.8,58.8,1.43,16.8,31.2,64.8,48.4,16.1,48.9,53.0,88.64,51.2,"4,453"
Philadelphia 76ers,50,28,22,2430.0,97.8,95.5,2.4,56.4,1.14,14.7,35.6,67.9,51.5,17.9,43.9,49.4,90.56,51.8,"4,582"
New York Knicks,50,27,23,2420.0,97.2,95.9,1.2,59.8,1.20,15.9,30.3,67.1,49.4,18.1,46.3,50.9,88.22,51.5,"4,446"
Phoenix Suns,50,27,23,2410.0,103.9,101.6,2.2,69.5,1.83,19.1,30.6,67.1,48.9,14.8,48.1,52.6,91.54,52.9,"4,601"
Sacramento Kings,50,27,23,2440.0,101.2,101.6,-0.4,58.9,1.34,16.4,32.8,65.4,49.3,17.0,47.9,51.4,97.36,49.4,"4,948"
Charlotte Hornets,50,26,24,2430.0,100.4,100.4,0.0,66.4,1.39,17.6,26.6,67.8,48.2,17.2,48.5,53.7,91.43,51.1,"4,626"
Minnesota Timberwolves,50,25,25,2405.0,99.9,99.4,0.5,66.3,1.90,18.1,34.8,67.3,50.1,13.8,43.9,48.1,92.86,49.3,"4,651"
Seattle SuperSonics,50,25,25,2420.0,103.2,104.2,-0.9,61.9,1.42,16.7,34.4,67.3,50.6,16.7,48.1,51.9,91.22,49.0,"4,594"
Toronto Raptors,50,23,27,2415.0,99.8,101.8,-1.9,62.4,1.30,16.1,35.9,67.5,51.5,17.5,45.0,50.4,90.67,48.9,"4,565"
Cleveland Cavaliers,50,22,28,2410.0,98.2,100.1,-1.9,70.0,1.39,17.9,29.5,65.6,47.8,17.8,46.4,52.0,87.66,49.3,"4,400"
Golden State Warriors,50,21,29,2425.0,96.0,98.9,-2.9,59.9,1.35,15.8,36.7,69.0,52.3,16.7,43.4,47.1,90.96,46.6,"4,600"
Boston Celtics,50,19,31,2430.0,98.7,100.8,-2.1,59.1,1.33,16.3,33.0,66.6,49.3,17.1,46.9,50.1,93.02,47.3,"4,711"
Dallas Mavericks,50,19,31,2415.0,100.2,103.0,-2.7,52.7,1.33,14.7,32.1,67.3,49.5,15.1,45.9,50.2,90.80,47.4,"4,570"
Washington Wizards,50,18,32,2410.0,99.8,102.1,-2.3,60.2,1.45,16.8,30.8,67.3,48.8,16.1,46.8,50.7,91.11,47.6,"4,571"
New Jersey Nets,50,16,34,2410.0,97.0,101.2,-4.2,54.6,1.23,14.3,32.8,68.2,49.6,15.9,43.4,48.5,93.73,46.6,"4,711"
Denver Nuggets,50,14,36,2405.0,101.4,108.6,-7.3,57.6,1.31,15.3,31.9,66.0,48.3,16.0,45.9,51.1,91.99,44.2,"4,611"
Chicago Bulls,50,13,37,2414.0,91.4,101.7,-10.4,66.1,1.31,16.4,29.9,68.4,48.2,17.3,42.4,47.0,89.19,42.0,"4,482"
Los Angeles Clippers,50,9,41,2425.0,98.3,107.8,-9.6,47.9,1.03,13.2,33.2,64.6,48.0,17.3,45.4,49.7,91.04,40.2,"4,599"
Vancouver Grizzlies,50,8,42,2435.0,97.1,106.3,-9.3,58.6,1.14,15.3,34.2,64.5,49.0,18.5,44.7,49.8,90.29,42.7,"4,576"
Los Angeles Lakers,82,67,15,3961.0,105.4,96.4,9.0,61.2,1.68,17.4,32.4,70.5,51.8,14.6,48.4,52.5,95.04,57.3,"7,840"
Portland Trail Blazers,82,59,23,3956.0,106.5,99.5,6.9,63.7,1.55,18.2,33.5,69.3,52.3,16.6,50.1,54.6,91.03,55.9,"7,505"
Indiana Pacers,82,56,26,3946.0,106.8,101.7,5.1,60.9,1.60,17.5,27.6,69.1,49.2,14.9,50.3,55.2,94.70,53.4,"7,777"
Utah Jazz,82,55,27,3951.0,105.7,101.1,4.6,68.9,1.67,19.1,32.9,69.8,51.6,16.3,49.0,54.0,90.84,55.1,"7,488"
Phoenix Suns,82,53,29,3961.0,102.7,97.3,5.4,67.8,1.53,18.8,31.6,67.6,50.0,17.3,49.1,53.2,95.67,54.2,"7,895"
San Antonio Spurs,82,53,29,3971.0,103.5,97.1,6.4,61.6,1.48,17.3,30.1,70.3,51.2,16.2,48.8,53.5,92.11,55.6,"7,620"
Miami Heat,82,52,30,3966.0,102.5,99.4,3.1,64.9,1.57,18.3,30.4,69.6,50.8,16.3,49.5,53.3,91.22,54.3,"7,548"
Minnesota Timberwolves,82,50,32,3981.0,104.2,101.7,2.5,68.4,1.94,19.8,31.8,69.6,50.7,14.7,48.5,52.5,93.37,53.1,"7,751"
New York Knicks,82,50,32,3966.0,100.9,99.5,1.5,54.8,1.32,15.8,27.7,69.9,49.6,16.0,48.2,52.7,90.54,50.7,"7,485"
Charlotte Hornets,82,49,33,3956.0,102.5,99.7,2.8,68.9,1.68,18.4,28.3,71.2,50.1,15.3,47.5,53.0,95.58,54.1,"7,876"
Philadelphia 76ers,82,49,33,3966.0,99.9,98.3,1.5,60.7,1.42,16.6,33.5,68.0,50.4,16.5,45.7,50.1,94.25,50.8,"7,782"
Seattle SuperSonics,82,45,37,3956.0,104.0,103.1,1.0,60.4,1.63,17.2,31.2,67.3,49.1,14.8,48.7,52.0,94.74,49.6,"7,809"
Toronto Raptors,82,45,37,3951.0,102.7,102.8,-0.1,65.3,1.71,17.7,32.4,68.6,49.9,14.7,46.4,51.1,94.30,50.0,"7,760"
Sacramento Kings,82,44,38,3961.0,103.6,100.7,2.9,59.6,1.47,17.0,30.8,67.9,49.3,16.0,48.6,52.6,100.66,51.3,"8,306"
Detroit Pistons,82,42,40,3966.0,105.2,103.8,1.4,56.1,1.33,15.7,29.5,69.4,49.5,16.0,49.2,54.8,97.56,50.6,"8,063"
Milwaukee Bucks,82,42,40,3971.0,106.5,106.2,0.3,58.3,1.51,17.1,32.7,66.7,49.7,15.8,49.4,53.9,94.27,49.8,"7,796"
Orlando Magic,82,41,41,3951.0,101.1,100.3,0.8,53.9,1.18,15.3,34.4,66.9,50.6,17.8,47.3,51.6,98.68,49.7,"8,120"
Dallas Mavericks,82,40,42,3946.0,104.7,105.2,-0.5,56.7,1.61,16.7,28.1,64.7,46.6,14.2,49.0,53.2,96.64,49.3,"7,941"
Boston Celtics,82,35,47,3946.0,102.9,103.9,-1.1,57.0,1.38,15.9,32.7,70.5,50.6,15.9,47.4,52.0,96.19,47.6,"7,918"
Denver Nuggets,82,35,47,3971.0,102.2,104.5,-2.3,62.5,1.49,17.2,32.1,68.8,50.4,16.1,47.6,51.7,95.95,48.3,"7,944"
Houston Rockets,82,34,48,3966.0,103.3,104.2,-0.8,59.1,1.24,16.3,32.1,69.1,50.8,18.1,49.4,53.6,95.54,49.0,"7,892"
Cleveland Cavaliers,82,32,50,3971.0,98.7,102.2,-3.5,65.2,1.36,17.3,30.8,68.5,49.6,17.7,46.8,51.6,97.36,47.5,"8,051"
New Jersey Nets,82,31,51,3966.0,102.8,103.9,-1.1,56.7,1.51,15.8,29.8,65.7,47.2,14.3,46.8,51.7,94.63,47.9,"7,820"
Washington Wizards,82,29,53,3961.0,101.8,105.2,-3.4,58.8,1.34,16.4,32.9,68.6,50.6,17.0,47.6,52.1,94.33,47.1,"7,781"
Atlanta Hawks,82,28,54,3966.0,100.1,105.8,-5.7,51.6,1.22,14.6,33.4,69.8,51.6,16.4,46.0,50.3,93.55,46.2,"7,731"
Vancouver Grizzlies,82,22,60,3971.0,100.7,106.7,-6.0,58.8,1.23,16.2,32.6,67.9,50.1,18.1,47.4,52.4,92.46,45.7,"7,647"
Golden State Warriors,82,19,63,3951.0,98.0,106.5,-8.4,61.8,1.42,16.3,34.6,67.3,49.9,16.3,44.4,48.4,97.11,43.1,"7,991"
Chicago Bulls,82,17,65,3961.0,92.8,102.8,-10.0,63.8,1.05,15.8,33.1,67.6,49.9,20.8,44.3,49.0,90.93,41.7,"7,492"
Los Angeles Clippers,82,15,67,3940.0,96.1,108.0,-11.9,51.4,1.12,14.2,28.6,67.4,47.4,16.9,45.8,49.9,95.69,41.1,"7,849"
San Antonio Spurs,82,58,24,3966.0,105.0,96.6,8.3,61.7,1.55,17.2,29.7,70.3,51.1,15.2,49.6,54.1,90.87,57.3,"7,514"
Los Angeles Lakers,82,56,26,3981.0,107.0,103.6,3.5,60.7,1.59,17.4,33.8,69.1,51.7,15.4,49.8,53.5,92.90,53.2,"7,710"
Philadelphia 76ers,82,56,26,3971.0,101.9,97.3,4.6,58.3,1.31,16.0,33.4,70.4,52.3,17.0,46.8,51.8,92.09,53.6,"7,619"
Sacramento Kings,82,55,27,4016.0,104.2,98.5,5.7,59.1,1.52,16.8,30.7,67.9,49.7,15.2,48.4,52.9,95.61,54.0,"8,010"
Dallas Mavericks,82,53,29,3961.0,105.6,101.2,4.4,56.4,1.52,16.5,27.2,67.8,48.1,14.6,49.8,54.4,94.52,52.3,"7,803"
Utah Jazz,82,53,29,3956.0,106.1,100.9,5.2,71.3,1.63,19.6,33.2,70.1,51.9,17.3,49.7,54.6,91.08,54.8,"7,503"
Milwaukee Bucks,82,52,30,3956.0,106.8,102.6,4.2,59.3,1.64,17.2,30.1,68.3,49.4,14.5,49.9,54.2,93.89,51.9,"7,733"
Phoenix Suns,82,51,31,3961.0,98.9,96.7,2.3,64.7,1.52,17.5,30.5,70.2,50.0,16.1,46.0,50.6,94.41,52.1,"7,792"
Miami Heat,82,50,32,3976.0,99.4,97.1,2.3,60.5,1.45,16.4,28.0,70.0,49.0,15.3,46.9,51.5,88.39,52.3,"7,331"
Portland Trail Blazers,82,50,32,3956.0,104.7,100.5,4.2,65.3,1.56,18.6,33.3,70.0,52.2,16.8,49.7,53.9,90.53,54.4,"7,475"
New York Knicks,82,48,34,3981.0,100.0,97.0,3.0,55.2,1.28,15.6,27.6,70.7,49.8,16.3,47.6,52.3,87.74,52.0,"7,276"
Minnesota Timberwolves,82,47,35,3966.0,103.9,102.4,1.6,66.2,1.83,19.0,31.5,68.2,49.8,14.8,48.2,52.3,92.99,51.8,"7,679"
Toronto Raptors,82,47,35,3991.0,104.4,102.0,2.3,65.7,1.86,18.2,33.9,70.0,51.5,14.1,46.8,51.0,92.22,52.2,"7,671"
Charlotte Hornets,82,46,36,3976.0,99.7,97.6,2.1,67.9,1.61,17.8,31.5,71.0,51.3,15.6,45.7,50.6,91.24,52.7,"7,565"
Houston Rockets,82,45,37,3966.0,105.2,102.8,2.4,54.8,1.34,15.7,30.5,69.1,50.2,15.9,49.2,53.8,91.66,50.9,"7,575"
Seattle SuperSonics,82,44,38,3961.0,104.4,104.2,0.2,59.2,1.43,16.9,32.1,66.8,49.6,16.4,49.1,53.0,92.69,49.4,"7,643"
Orlando Magic,82,43,39,3991.0,102.1,101.1,1.0,59.8,1.45,16.6,32.1,66.2,48.9,15.9,47.4,51.3,94.14,49.5,"7,828"
Indiana Pacers,82,41,41,3996.0,100.3,100.5,-0.2,62.3,1.42,16.9,29.7,68.5,49.7,16.4,47.1,51.9,90.89,51.0,"7,566"
Denver Nuggets,82,40,42,3956.0,102.2,104.9,-2.8,66.1,1.73,18.0,30.6,69.0,49.7,14.7,47.0,51.1,93.98,48.0,"7,751"
Boston Celtics,82,36,46,3966.0,100.1,102.3,-2.2,61.6,1.33,16.2,28.0,69.0,47.8,16.6,47.3,52.1,93.81,46.8,"7,748"
Detroit Pistons,82,32,50,3971.0,98.5,100.3,-1.8,55.8,1.25,14.9,32.5,69.1,50.5,16.4,45.3,49.8,96.15,48.0,"7,955"
Los Angeles Clippers,82,31,51,4006.0,100.3,103.2,-2.9,54.7,1.23,15.3,32.2,68.2,50.6,17.1,47.6,51.4,90.67,47.6,"7,559"
Cleveland Cavaliers,82,30,52,3966.0,99.3,103.5,-4.2,59.1,1.27,16.2,33.1,67.8,50.5,17.7,45.9,50.9,92.32,46.9,"7,613"
New Jersey Nets,82,26,56,3946.0,98.4,103.8,-5.4,57.6,1.33,15.4,29.2,67.3,47.7,15.7,45.2,50.4,93.35,44.6,"7,674"
Atlanta Hawks,82,25,57,3946.0,96.9,102.4,-5.5,54.2,1.14,14.9,31.3,69.1,50.1,17.8,45.6,50.0,93.63,45.2,"7,695"
Vancouver Grizzlies,82,23,59,3956.0,98.2,104.2,-6.0,66.2,1.47,17.9,29.3,67.5,48.4,16.8,46.4,51.0,93.03,46.5,"7,662"
Washington Wizards,82,19,63,3936.0,99.4,106.2,-6.8,58.1,1.18,15.6,32.8,68.4,50.2,18.1,46.0,51.4,93.97,45.3,"7,695"
Golden State Warriors,82,17,65,3956.0,96.3,105.5,-9.2,60.9,1.37,15.9,35.7,68.0,50.4,16.5,42.9,47.0,95.70,42.7,"7,879"
Chicago Bulls,82,15,67,3971.0,95.9,105.9,-10.0,66.5,1.40,17.4,30.2,67.3,48.0,17.3,45.0,49.5,90.47,43.2,"7,486"
Sacramento Kings,82,61,21,3951.0,107.9,99.7,8.1,60.0,1.74,17.7,30.6,69.0,50.2,14.2,49.7,53.9,96.74,55.2,"7,951"
Los Angeles Lakers,82,58,24,3956.0,108.0,100.4,7.6,59.7,1.81,17.5,31.1,68.6,50.1,13.5,49.8,53.4,93.32,54.9,"7,691"
San Antonio Spurs,82,58,24,3971.0,105.4,98.5,6.9,56.4,1.39,16.0,30.1,68.5,50.1,15.7,49.2,53.9,91.06,55.4,"7,528"
Dallas Mavericks,82,57,25,3976.0,110.3,106.0,4.3,56.6,1.83,16.9,28.5,68.3,48.7,12.7,50.7,55.3,94.36,51.7,"7,823"
New Jersey Nets,82,52,30,3966.0,102.4,98.1,4.3,65.4,1.67,18.2,32.2,68.3,50.3,15.4,47.6,51.5,93.20,53.7,"7,707"
Detroit Pistons,82,50,32,3936.0,103.2,100.9,2.3,62.0,1.48,17.3,27.7,67.6,48.1,15.9,49.7,54.0,91.38,52.3,"7,495"
Minnesota Timberwolves,82,50,32,3961.0,107.5,104.1,3.4,62.8,1.82,18.4,34.3,70.3,52.4,14.5,49.0,53.2,91.72,52.9,"7,578"
Boston Celtics,82,49,33,3966.0,102.1,99.9,2.2,60.4,1.55,16.4,27.2,69.5,48.1,14.4,47.6,52.0,93.60,50.0,"7,738"
Portland Trail Blazers,82,49,33,3966.0,105.9,102.6,3.3,64.1,1.64,18.0,34.5,70.3,52.2,15.7,48.5,52.8,90.55,51.8,"7,482"
Seattle SuperSonics,82,45,37,3966.0,107.3,104.1,3.3,61.5,1.71,18.3,32.0,65.6,49.0,15.1,50.5,54.0,90.35,52.2,"7,468"
Charlotte Hornets,82,44,38,3951.0,102.9,101.8,1.2,60.8,1.53,16.7,33.3,68.9,51.1,15.4,46.6,51.3,90.93,51.3,"7,480"
Orlando Magic,82,44,38,3966.0,105.6,104.1,1.5,58.4,1.61,16.8,29.2,66.5,47.7,14.3,49.3,53.3,94.40,49.7,"7,805"
Utah Jazz,82,44,38,3966.0,103.8,102.9,0.9,69.7,1.48,18.4,36.2,68.3,52.1,17.8,47.2,52.9,91.75,53.0,"7,582"
Philadelphia 76ers,82,43,39,3946.0,100.5,98.7,1.8,58.4,1.30,15.8,34.1,70.2,52.3,16.9,45.2,50.7,90.32,52.0,"7,424"
Indiana Pacers,82,42,40,3981.0,102.8,102.4,0.4,64.2,1.51,17.6,30.2,68.6,49.9,16.2,47.7,52.7,93.13,51.0,"7,721"
Toronto Raptors,82,42,40,3951.0,101.1,101.7,-0.6,60.9,1.52,16.9,34.3,67.1,50.3,15.8,46.3,50.1,90.02,49.6,"7,414"
Milwaukee Bucks,82,41,41,3981.0,105.3,105.6,-0.3,60.7,1.60,17.7,28.7,67.9,49.1,15.2,50.7,54.4,91.51,50.2,"7,591"
Los Angeles Clippers,82,39,43,3961.0,104.3,104.7,-0.4,57.7,1.41,16.3,34.9,67.3,51.2,16.1,47.6,51.9,91.21,49.5,"7,524"
Washington Wizards,82,37,45,3946.0,102.9,104.5,-1.6,58.4,1.61,16.6,32.8,68.5,50.4,14.4,46.4,50.8,89.93,48.6,"7,395"
Miami Heat,82,36,46,3986.0,97.3,99.0,-1.7,59.4,1.37,16.5,29.7,71.0,50.5,16.6,46.3,50.1,88.47,50.1,"7,346"
Phoenix Suns,82,36,46,3966.0,101.8,102.6,-0.7,59.3,1.53,17.1,32.7,67.2,49.8,15.7,47.2,51.0,92.74,48.6,"7,663"
Atlanta Hawks,82,33,49,3956.0,100.4,104.8,-4.4,57.0,1.30,15.8,29.7,68.9,49.1,16.6,47.1,51.7,93.21,46.5,"7,678"
New York Knicks,82,30,52,3961.0,100.4,104.6,-4.2,61.1,1.44,16.7,29.2,68.4,48.9,15.9,46.8,51.4,90.78,46.6,"7,487"
Cleveland Cavaliers,82,29,53,3971.0,103.4,107.0,-3.6,64.1,1.58,17.8,31.9,69.0,50.5,15.8,47.7,52.4,91.31,48.2,"7,553"
Houston Rockets,82,28,54,3996.0,101.6,106.9,-5.4,52.2,1.28,14.6,32.7,67.5,49.7,15.5,46.5,50.7,89.56,45.8,"7,456"
Denver Nuggets,82,27,55,3961.0,100.3,106.6,-6.3,62.3,1.51,17.0,34.1,66.8,49.7,16.0,45.5,49.5,91.35,44.2,"7,537"
Memphis Grizzlies,82,23,59,3956.0,96.6,104.7,-8.0,62.6,1.33,16.9,30.5,66.3,48.3,17.6,46.2,50.1,92.55,45.6,"7,629"
Chicago Bulls,82,21,61,3961.0,97.2,106.2,-9.1,64.6,1.45,17.3,29.8,68.5,48.7,16.6,45.6,49.9,91.56,43.6,"7,549"
Golden State Warriors,82,21,61,3956.0,101.5,107.1,-5.6,56.9,1.24,15.3,37.3,66.9,51.6,17.5,45.2,49.9,95.75,45.6,"7,890"
Dallas Mavericks,82,60,22,3956.0,109.3,101.0,8.3,58.1,1.94,17.3,27.7,67.7,47.8,12.3,49.8,54.3,93.75,54.6,"7,726"
San Antonio Spurs,82,60,22,3966.0,103.9,98.1,5.8,56.3,1.26,15.9,31.1,68.7,50.8,17.1,49.7,54.1,91.46,54.9,"7,558"
Sacramento Kings,82,59,23,3966.0,104.4,97.8,6.6,62.7,1.71,18.3,28.9,67.8,49.3,14.9,49.9,53.5,96.63,55.1,"7,987"
Minnesota Timberwolves,82,51,31,3961.0,104.8,102.5,2.2,65.3,1.84,19.0,31.0,69.5,50.8,14.6,48.8,52.8,93.08,52.9,"7,681"
Detroit Pistons,82,50,32,3981.0,102.4,98.2,4.2,60.0,1.47,16.2,29.4,70.7,49.9,15.1,47.3,52.3,88.26,52.5,"7,318"
Los Angeles Lakers,82,50,32,3986.0,105.6,103.4,2.2,61.8,1.60,17.4,32.8,69.3,50.9,15.3,48.6,52.8,93.78,52.0,"7,797"
Portland Trail Blazers,82,50,32,3970.0,104.2,101.5,2.7,62.3,1.49,17.7,33.8,68.9,51.5,16.7,48.9,53.1,90.44,51.5,"7,486"
New Jersey Nets,82,49,33,3951.0,102.1,96.6,5.4,64.9,1.56,17.6,31.7,70.2,51.0,15.8,46.8,51.8,93.00,54.4,"7,661"
Indiana Pacers,82,48,34,3981.0,103.2,99.6,3.5,65.6,1.58,17.7,31.8,69.4,50.9,15.7,46.9,52.2,92.71,53.8,"7,696"
Philadelphia 76ers,82,48,34,3971.0,103.2,100.6,2.6,59.5,1.46,16.5,32.4,70.4,50.9,15.8,46.6,52.0,93.07,51.6,"7,694"
New Orleans Hornets,82,47,35,3981.0,102.4,100.0,2.4,62.0,1.49,17.0,34.5,69.7,51.8,16.1,46.5,51.1,90.72,51.7,"7,522"
Utah Jazz,82,47,35,3956.0,103.7,101.1,2.6,72.7,1.53,19.5,35.3,67.3,51.9,18.4,48.6,53.7,90.78,55.1,"7,483"
Boston Celtics,82,44,38,3966.0,100.0,100.5,-0.6,58.3,1.37,15.5,26.6,69.1,47.4,15.1,47.0,51.4,91.95,48.0,"7,602"
Phoenix Suns,82,44,38,3961.0,102.6,101.3,1.3,57.2,1.42,16.2,32.3,67.2,49.6,15.8,47.3,51.4,92.59,49.8,"7,637"
Houston Rockets,82,43,39,3986.0,102.4,100.9,1.5,53.0,1.18,14.7,33.1,69.8,51.8,17.0,47.4,52.2,90.36,51.1,"7,508"
Milwaukee Bucks,82,42,40,3981.0,107.2,106.9,0.3,59.9,1.75,17.4,28.7,66.6,47.7,13.7,50.0,54.3,91.76,49.5,"7,607"
Orlando Magic,82,42,40,3961.0,103.7,103.7,0.0,56.9,1.42,15.8,30.0,68.0,48.5,15.1,47.8,52.6,94.33,48.2,"7,788"
Seattle SuperSonics,82,40,42,3971.0,102.4,102.6,-0.2,61.5,1.64,17.2,31.4,68.8,49.7,14.7,47.2,51.2,89.17,50.2,"7,379"
Golden State Warriors,82,38,44,3951.0,106.4,107.7,-1.3,55.9,1.32,15.4,37.1,66.3,51.8,16.4,47.2,52.6,95.88,49.2,"7,897"
New York Knicks,82,37,45,3971.0,103.3,104.6,-1.3,60.7,1.57,17.2,28.0,68.9,48.0,15.1,48.6,52.8,92.06,47.4,"7,611"
Washington Wizards,82,37,45,3966.0,101.5,102.6,-1.1,57.2,1.47,15.9,30.5,68.6,49.6,14.8,46.0,51.3,89.46,49.8,"7,390"
Atlanta Hawks,82,35,47,3981.0,100.4,104.2,-3.8,58.7,1.23,16.0,30.0,68.1,49.9,17.8,47.6,52.7,92.63,48.3,"7,683"
Chicago Bulls,82,30,52,3985.0,99.1,104.2,-5.1,59.6,1.28,16.5,30.7,67.2,49.2,17.7,47.1,51.2,94.76,45.7,"7,857"
Memphis Grizzlies,82,28,54,3986.0,102.3,105.9,-3.5,62.1,1.50,17.5,30.1,65.9,48.2,16.2,48.7,52.6,94.03,48.2,"7,813"
Los Angeles Clippers,82,27,55,3951.0,101.1,105.1,-4.0,56.6,1.24,15.4,31.6,67.3,49.6,17.0,46.7,51.6,92.68,47.0,"7,613"
Miami Heat,82,25,57,3966.0,95.4,101.2,-5.8,55.8,1.29,15.0,30.6,70.9,50.1,15.9,43.9,48.3,88.93,45.6,"7,353"
Toronto Raptors,82,24,58,3961.0,99.3,105.6,-6.3,55.6,1.34,15.3,31.8,67.8,49.1,15.7,45.8,49.7,91.01,44.7,"7,507"
Cleveland Cavaliers,82,17,65,3966.0,95.2,105.1,-9.9,60.1,1.14,15.7,33.8,69.7,51.3,19.1,44.4,49.1,95.32,43.1,"7,870"
Denver Nuggets,82,17,65,3946.0,91.2,100.1,-8.9,64.6,1.15,16.3,34.5,69.7,51.1,20.0,42.8,46.9,92.11,42.5,"7,568"
Indiana Pacers,82,61,21,3961.0,102.5,96.2,6.3,64.4,1.50,17.3,32.0,70.6,51.1,16.2,47.1,52.0,88.54,53.9,"7,311"
Minnesota Timberwolves,82,58,24,3951.0,104.2,98.5,5.7,62.3,1.81,18.2,30.3,69.1,50.7,14.0,48.6,52.8,90.24,55.4,"7,441"
San Antonio Spurs,82,57,25,3951.0,101.0,93.1,7.9,59.0,1.39,16.3,31.9,71.0,51.6,16.2,47.3,51.1,90.23,56.6,"7,428"
Los Angeles Lakers,82,56,26,3971.0,104.2,100.1,4.1,64.3,1.72,17.9,31.3,70.1,50.6,14.6,48.1,52.2,93.39,53.8,"7,729"
Sacramento Kings,82,55,27,3956.0,108.6,103.2,5.4,69.4,1.89,19.6,29.2,67.6,48.8,14.6,50.7,55.4,94.25,54.4,"7,765"
Detroit Pistons,82,54,28,3956.0,100.3,93.9,6.5,62.0,1.37,16.6,33.2,68.6,51.2,16.8,46.1,51.1,89.34,55.8,"7,365"
Dallas Mavericks,82,52,30,3961.0,110.4,105.9,4.5,59.1,1.96,17.7,33.5,68.6,50.7,12.8,49.5,53.6,94.62,52.7,"7,814"
Memphis Grizzlies,82,50,32,3976.0,103.4,100.8,2.6,64.6,1.56,17.7,32.5,65.5,48.9,16.0,47.9,52.2,92.60,52.2,"7,670"
New Jersey Nets,82,47,35,3941.0,99.0,96.4,2.6,71.4,1.66,19.1,28.9,71.1,50.1,16.2,47.1,51.5,90.97,53.3,"7,475"
Houston Rockets,82,45,37,3986.0,99.7,97.8,1.9,57.7,1.15,15.8,30.5,70.8,51.6,18.6,48.4,52.8,88.92,51.3,"7,384"
Denver Nuggets,82,43,39,3946.0,102.4,101.4,1.0,59.9,1.40,16.5,33.7,66.4,49.8,16.4,46.7,51.7,94.64,50.5,"7,786"
Miami Heat,82,42,40,3951.0,100.6,100.3,0.3,57.3,1.38,15.6,30.7,70.7,50.4,15.4,46.3,51.0,89.30,49.6,"7,361"
Utah Jazz,82,42,40,3956.0,100.0,101.3,-1.3,62.1,1.22,16.3,37.3,69.1,52.9,18.8,45.6,50.9,88.26,49.3,"7,271"
Milwaukee Bucks,82,41,41,3956.0,104.6,103.5,1.1,63.0,1.69,17.5,30.8,69.0,49.9,14.4,47.7,52.8,93.20,51.0,"7,682"
New Orleans Hornets,82,41,41,3966.0,100.7,100.6,0.1,61.9,1.40,16.4,33.2,68.1,50.2,16.4,46.0,50.5,90.59,49.1,"7,476"
Portland Trail Blazers,82,41,41,3996.0,102.1,103.5,-1.5,61.0,1.46,17.2,34.4,67.0,50.7,16.6,47.8,51.5,87.54,48.8,"7,289"
New York Knicks,82,39,43,3976.0,99.7,101.3,-1.6,58.8,1.31,16.4,30.7,70.1,50.8,17.0,47.4,51.8,91.29,48.8,"7,563"
Golden State Warriors,82,37,45,3971.0,101.5,102.6,-1.1,58.5,1.39,16.2,31.2,69.4,50.3,16.1,47.5,51.7,90.95,49.1,"7,535"
Seattle SuperSonics,82,37,45,3961.0,105.6,106.4,-0.8,60.6,1.50,17.1,30.2,65.5,47.9,15.8,50.1,54.0,91.34,49.1,"7,542"
Boston Celtics,82,36,46,3941.0,100.7,102.2,-1.5,59.2,1.26,16.1,27.9,65.8,47.3,17.2,48.6,53.2,94.47,49.0,"7,757"
Cleveland Cavaliers,82,35,47,3971.0,100.6,103.1,-2.6,61.9,1.49,16.9,34.0,68.8,51.4,16.0,45.1,49.8,91.71,49.1,"7,577"
Philadelphia 76ers,82,33,49,3971.0,97.8,100.4,-2.6,61.1,1.25,16.1,31.3,68.1,49.8,17.7,45.6,50.5,89.26,48.4,"7,379"
Toronto Raptors,82,33,49,3996.0,95.3,98.8,-3.4,59.3,1.35,15.9,27.0,67.3,47.1,15.9,45.4,49.5,88.24,47.6,"7,348"
Phoenix Suns,82,29,53,3946.0,100.3,104.2,-3.8,53.6,1.27,15.3,29.7,66.1,47.9,16.2,47.5,51.5,93.72,46.6,"7,699"
Atlanta Hawks,82,28,54,3981.0,99.1,103.9,-4.8,58.3,1.22,15.7,30.8,68.6,50.0,17.6,46.5,51.4,92.68,46.6,"7,680"
Los Angeles Clippers,82,28,54,3961.0,101.9,106.6,-4.7,58.7,1.23,15.5,36.2,67.7,51.7,17.6,45.3,51.2,92.49,46.4,"7,624"
Washington Wizards,82,25,57,3966.0,97.2,102.9,-5.7,55.7,1.07,14.5,33.3,66.7,49.6,18.6,45.4,50.0,93.90,44.1,"7,751"
Chicago Bulls,82,23,59,3966.0,95.6,102.1,-6.5,64.1,1.36,16.7,31.1,67.9,49.1,17.2,44.6,48.6,93.23,44.6,"7,694"
Orlando Magic,82,21,61,3966.0,101.4,108.8,-7.4,54.5,1.41,15.2,31.5,65.7,48.1,14.8,46.1,50.4,92.14,43.4,"7,608"
Phoenix Suns,82,62,20,3956.0,112.7,105.7,7.0,57.5,1.71,17.4,30.4,65.6,49.0,14.0,53.4,57.1,97.35,54.6,"8,034"
Miami Heat,82,59,23,3996.0,108.9,102.2,6.7,57.8,1.59,17.1,29.7,69.8,50.8,14.7,52.4,55.9,91.73,55.6,"7,647"
San Antonio Spurs,82,59,23,3961.0,106.1,97.8,8.3,60.6,1.57,17.1,32.1,69.7,51.0,15.1,49.2,53.4,89.96,56.5,"7,435"
Dallas Mavericks,82,58,24,3946.0,108.5,102.6,5.9,52.6,1.46,15.3,31.9,67.4,50.0,14.2,49.2,54.5,94.18,53.7,"7,749"
Detroit Pistons,82,54,28,3991.0,103.9,99.6,4.3,62.7,1.58,17.2,34.0,69.3,51.8,15.4,47.2,51.9,88.59,54.2,"7,364"
Seattle SuperSonics,82,52,30,3951.0,110.3,108.0,2.3,51.6,1.34,14.7,35.7,68.1,51.7,15.1,49.5,54.6,89.24,50.4,"7,353"
Houston Rockets,82,51,31,3971.0,104.4,100.1,4.3,60.9,1.53,16.9,30.1,71.3,51.2,15.2,48.6,53.4,90.18,52.7,"7,467"
Sacramento Kings,82,50,32,3971.0,108.8,106.5,2.3,62.6,1.87,18.2,31.5,66.7,49.1,13.7,49.6,54.1,94.52,52.2,"7,819"
Denver Nuggets,82,49,33,3951.0,104.7,102.6,2.2,64.5,1.60,18.0,31.3,67.8,49.7,15.7,48.3,53.5,94.68,53.1,"7,792"
Chicago Bulls,82,47,35,3966.0,100.5,99.1,1.4,61.2,1.27,16.4,31.7,69.1,50.6,17.8,47.1,51.7,93.41,49.8,"7,707"
Boston Celtics,82,45,37,3976.0,105.9,105.1,0.8,59.4,1.40,16.9,30.5,67.1,49.4,16.5,50.1,55.1,94.61,50.5,"7,839"
Memphis Grizzlies,82,45,37,3941.0,104.2,101.5,2.7,61.2,1.43,16.9,30.8,66.3,48.7,16.3,48.9,53.5,89.65,51.5,"7,355"
Washington Wizards,82,45,37,3956.0,105.4,105.9,-0.4,52.7,1.33,14.6,33.8,66.7,49.7,15.0,47.4,52.3,94.80,48.5,"7,816"
Indiana Pacers,82,44,38,3981.0,103.7,102.7,1.0,55.8,1.27,15.1,29.6,68.7,49.4,16.0,47.6,53.4,88.71,50.4,"7,351"
Minnesota Timberwolves,82,44,38,3951.0,106.6,105.0,1.6,63.0,1.78,18.3,32.1,68.2,50.8,14.5,48.9,53.4,90.39,51.8,"7,440"
Philadelphia 76ers,82,43,39,3971.0,101.8,102.5,-0.7,58.0,1.34,15.9,28.1,70.3,49.1,16.0,47.5,52.8,96.56,49.3,"7,985"
Cleveland Cavaliers,82,42,40,3971.0,105.3,104.7,0.6,61.9,1.62,17.3,35.4,67.4,51.0,15.2,47.0,51.8,90.72,51.0,"7,516"
New Jersey Nets,82,42,40,3981.0,99.9,101.6,-1.7,64.4,1.52,17.1,29.8,70.1,49.5,15.5,46.3,51.2,90.41,49.0,"7,501"
Los Angeles Clippers,82,37,45,4006.0,103.8,104.5,-0.8,65.0,1.47,17.9,33.8,68.7,51.8,17.1,47.7,53.3,90.66,51.8,"7,564"
Orlando Magic,82,36,46,3941.0,103.4,105.7,-2.3,52.2,1.20,14.8,32.8,68.2,50.7,16.8,47.8,52.9,96.15,48.9,"7,891"
Golden State Warriors,82,34,48,3981.0,103.4,105.5,-2.2,59.8,1.63,16.6,30.3,66.6,47.7,14.2,47.5,51.2,94.45,47.3,"7,830"
Los Angeles Lakers,82,34,48,3956.0,106.4,109.6,-3.2,57.8,1.42,15.9,32.4,68.0,50.3,15.5,48.5,53.5,92.34,46.8,"7,610"
New York Knicks,82,33,49,3976.0,104.5,107.2,-2.7,55.9,1.38,15.9,31.6,68.6,49.8,15.8,48.5,53.1,92.12,47.5,"7,634"
Toronto Raptors,82,33,49,3961.0,105.4,107.2,-1.8,56.6,1.54,16.0,26.9,68.2,47.3,14.0,49.2,53.9,94.01,47.9,"7,762"
Milwaukee Bucks,82,30,52,3956.0,105.1,108.1,-3.0,58.0,1.52,16.4,32.2,68.7,50.3,14.9,47.5,52.7,92.14,47.8,"7,584"
Portland Trail Blazers,82,27,55,3946.0,101.9,106.1,-4.3,59.5,1.32,16.6,33.1,65.0,49.6,17.5,48.4,52.4,91.05,47.5,"7,481"
Utah Jazz,82,26,56,3956.0,102.9,107.3,-4.4,64.6,1.41,17.4,35.1,69.5,51.8,17.4,46.9,52.2,90.02,47.5,"7,409"
Charlotte Bobcats,82,18,64,3976.0,99.8,106.0,-6.2,60.6,1.51,16.5,32.7,67.6,49.2,15.4,45.5,49.7,93.54,46.0,"7,743"
New Orleans Hornets,82,18,64,3986.0,98.2,105.9,-7.7,63.4,1.42,16.6,32.9,67.5,49.4,16.5,44.6,49.3,88.97,43.7,"7,382"
Atlanta Hawks,82,13,69,3971.0,98.8,109.0,-10.2,54.9,1.22,15.3,32.6,69.6,50.2,17.1,46.4,50.4,93.09,42.2,"7,695"
Detroit Pistons,82,64,18,3966.0,109.3,101.7,7.6,66.1,2.12,18.9,31.7,68.0,49.7,12.8,49.7,53.5,87.98,55.7,"7,268"
San Antonio Spurs,82,63,19,3961.0,106.2,98.7,7.5,57.4,1.52,17.0,28.9,70.8,50.5,15.3,51.3,54.6,89.41,55.4,"7,382"
Dallas Mavericks,82,60,22,3976.0,109.9,103.2,6.7,50.0,1.32,14.6,34.7,69.0,52.2,15.0,49.5,55.0,89.30,55.1,"7,397"
Phoenix Suns,82,54,28,3991.0,110.2,104.7,5.4,63.5,2.00,19.5,25.6,69.0,48.0,13.5,53.7,56.8,96.92,54.7,"8,067"
Miami Heat,82,52,30,3951.0,107.5,103.4,4.1,55.7,1.43,16.4,29.7,72.6,51.9,15.6,51.7,55.6,92.56,53.8,"7,622"
Cleveland Cavaliers,82,50,32,3966.0,106.6,104.4,2.1,53.6,1.37,15.3,31.3,71.7,51.4,15.1,49.2,53.8,90.77,51.0,"7,510"
Memphis Grizzlies,82,49,33,3971.0,104.5,100.4,4.1,57.8,1.40,16.1,29.8,69.0,49.6,15.7,49.6,53.7,87.39,51.6,"7,232"
New Jersey Nets,82,49,33,3956.0,102.4,100.9,1.5,67.8,1.68,18.2,27.4,73.0,50.1,14.9,47.8,52.8,91.17,51.3,"7,513"
Los Angeles Clippers,82,47,35,3961.0,103.8,102.2,1.6,57.1,1.44,16.5,28.6,71.9,51.3,15.4,48.7,54.0,92.99,52.3,"7,675"
Los Angeles Lakers,82,45,37,3971.0,106.8,104.2,2.6,58.0,1.52,16.5,31.6,70.1,50.7,15.0,49.5,53.9,92.22,51.8,"7,632"
Denver Nuggets,82,44,38,3986.0,104.4,104.1,0.3,62.4,1.58,17.6,30.0,68.2,49.4,15.4,48.8,53.5,94.90,51.2,"7,877"
Sacramento Kings,82,44,38,3966.0,105.3,103.5,1.8,61.8,1.52,17.3,28.9,69.4,49.5,15.6,49.2,54.4,93.26,51.5,"7,701"
Washington Wizards,82,42,40,3966.0,107.7,105.8,1.9,51.2,1.33,14.5,32.9,67.9,49.9,14.8,48.4,53.8,93.68,50.3,"7,742"
Chicago Bulls,82,41,41,3981.0,103.3,102.7,0.7,60.1,1.47,16.9,30.3,70.3,50.3,15.8,48.7,52.7,93.59,50.1,"7,762"
Indiana Pacers,82,41,41,3946.0,103.1,101.0,2.0,58.5,1.30,16.0,30.4,69.9,50.6,16.8,48.7,53.3,90.85,51.4,"7,470"
Utah Jazz,82,41,41,3976.0,102.4,105.1,-2.7,64.6,1.37,16.9,35.6,70.2,52.6,17.4,46.7,51.9,89.40,49.7,"7,398"
Milwaukee Bucks,82,40,42,3971.0,104.9,105.9,-1.0,59.4,1.48,16.8,30.9,71.3,50.7,15.7,49.2,53.5,92.45,48.6,"7,646"
New Orleans/Oklahoma City Hornets,82,38,44,3961.0,102.3,105.1,-2.8,53.7,1.39,15.1,29.7,70.9,49.7,14.7,46.4,51.5,90.32,48.4,"7,442"
Philadelphia 76ers,82,38,44,3981.0,104.7,106.5,-1.8,55.1,1.43,15.8,28.5,67.6,48.1,14.9,48.7,53.8,93.91,49.2,"7,780"
Orlando Magic,82,36,46,3981.0,105.3,106.6,-1.3,51.4,1.21,15.0,33.0,69.1,51.6,16.8,49.6,54.3,89.12,49.5,"7,395"
Seattle SuperSonics,82,35,47,3966.0,109.4,112.7,-3.3,55.1,1.40,16.0,34.0,65.9,49.5,15.7,50.4,55.1,93.04,46.7,"7,689"
Golden State Warriors,82,34,48,3966.0,103.5,104.9,-1.4,57.6,1.47,15.9,29.6,68.6,48.5,14.8,47.9,52.1,94.43,47.5,"7,800"
Houston Rockets,82,34,48,3966.0,100.4,102.1,-1.7,58.3,1.32,15.8,29.1,70.5,50.1,16.2,47.1,51.9,89.07,49.0,"7,358"
Boston Celtics,82,33,49,3976.0,104.0,105.6,-1.5,58.1,1.26,16.4,28.9,69.4,49.7,17.6,50.4,55.1,93.27,48.5,"7,722"
Minnesota Timberwolves,82,33,49,3971.0,101.5,103.5,-2.0,59.4,1.44,16.9,29.6,67.3,49.0,16.0,48.0,52.4,89.58,50.3,"7,409"
Toronto Raptors,82,27,55,3991.0,107.9,111.2,-3.2,52.9,1.49,15.5,28.6,69.7,48.4,13.9,50.0,54.8,92.33,45.9,"7,678"
Atlanta Hawks,82,26,56,3976.0,104.8,110.1,-5.3,55.2,1.27,15.5,33.4,66.7,49.6,16.9,48.6,53.4,91.75,46.2,"7,607"
Charlotte Bobcats,82,26,56,3981.0,101.2,105.6,-4.4,58.0,1.47,15.9,30.5,67.8,47.9,14.9,46.4,50.9,94.57,46.3,"7,851"
New York Knicks,82,23,59,3986.0,102.7,109.3,-6.6,52.0,1.01,14.2,34.2,69.7,51.8,19.0,48.1,53.4,92.03,44.4,"7,633"
Portland Trail Blazers,82,21,61,3946.0,99.7,110.3,-10.7,53.4,1.24,15.1,30.8,65.7,48.0,16.5,47.4,51.1,88.88,42.4,"7,308"
Dallas Mavericks,82,67,15,3951.0,109.7,102.1,7.6,54.2,1.43,16.0,32.0,71.9,52.2,15.2,50.9,55.9,90.68,55.2,"7,476"
Phoenix Suns,82,61,21,3981.0,112.9,105.5,7.4,62.6,1.78,19.3,26.2,68.3,48.4,14.9,55.1,59.0,96.45,56.1,"8,002"
San Antonio Spurs,82,58,24,3956.0,108.6,99.4,9.2,60.5,1.60,17.8,27.9,71.5,50.5,15.3,52.1,56.1,90.22,56.9,"7,440"
Detroit Pistons,82,53,29,3976.0,107.4,102.6,4.8,60.1,1.77,17.3,30.7,67.8,49.3,13.7,48.8,53.5,88.56,53.3,"7,332"
Houston Rockets,82,52,30,3971.0,104.7,99.7,4.9,58.6,1.47,16.5,28.7,72.5,50.8,15.3,49.9,54.0,91.70,52.9,"7,598"
Utah Jazz,82,51,31,3961.0,108.6,105.6,3.0,65.9,1.58,18.5,35.2,72.1,53.4,16.7,50.2,55.1,92.81,53.1,"7,661"
Cleveland Cavaliers,82,50,32,3976.0,104.4,100.6,3.8,57.4,1.45,16.2,32.7,72.1,51.8,15.5,48.4,52.2,91.59,52.0,"7,598"
Chicago Bulls,82,49,33,3956.0,104.0,98.8,5.2,60.1,1.40,17.0,31.9,70.7,51.4,16.8,49.3,53.4,94.47,53.9,"7,790"
Toronto Raptors,82,47,35,3951.0,105.7,104.4,1.2,60.1,1.65,17.5,25.0,71.1,48.1,14.3,50.4,55.0,93.86,51.4,"7,719"
Denver Nuggets,82,45,37,3956.0,106.7,105.1,1.7,60.7,1.42,17.1,32.2,67.8,50.2,16.7,50.1,54.8,98.20,51.4,"8,093"
Miami Heat,82,44,38,3971.0,103.4,104.6,-1.2,57.6,1.40,16.6,27.9,69.3,49.3,16.0,50.6,54.1,90.61,50.8,"7,503"
Golden State Warriors,82,42,40,3951.0,106.2,106.5,-0.3,59.8,1.49,17.3,28.5,66.2,47.2,15.9,51.2,54.8,99.97,48.9,"8,228"
Los Angeles Lakers,82,42,40,4006.0,107.3,107.5,-0.2,59.6,1.45,17.1,30.0,69.0,49.6,16.1,51.1,55.4,94.58,49.9,"7,898"
New Jersey Nets,82,41,41,3976.0,104.2,105.1,-0.9,67.4,1.62,18.5,27.5,71.4,49.6,15.8,50.4,54.6,92.69,49.9,"7,682"
Washington Wizards,82,41,41,3966.0,108.7,109.1,-0.4,54.1,1.47,15.5,31.2,67.8,48.9,14.4,49.1,54.2,95.33,48.5,"7,870"
Los Angeles Clippers,82,40,42,3946.0,103.8,104.2,-0.4,61.2,1.42,17.0,30.7,71.2,51.3,16.4,48.1,53.7,91.92,50.9,"7,554"
Orlando Magic,82,40,42,3956.0,104.1,103.3,0.8,53.0,1.10,15.1,33.3,69.7,51.9,18.6,50.0,54.4,90.54,50.2,"7,465"
New Orleans/Oklahoma City Hornets,82,39,43,3976.0,103.7,105.4,-1.6,51.7,1.29,14.9,31.8,71.9,51.4,15.7,47.9,52.0,91.19,48.5,"7,551"
Indiana Pacers,82,35,47,3956.0,101.9,104.4,-2.5,58.5,1.26,15.9,32.1,69.4,50.3,17.3,47.4,52.3,93.43,48.5,"7,697"
Philadelphia 76ers,82,35,47,3976.0,102.4,105.6,-3.2,56.9,1.33,16.1,30.6,67.8,49.3,16.5,48.0,53.0,91.84,48.9,"7,606"
Charlotte Bobcats,82,33,49,4001.0,102.4,106.3,-3.9,62.0,1.50,17.1,29.9,68.2,48.5,15.8,48.0,52.4,93.11,47.1,"7,758"
New York Knicks,82,33,49,4001.0,104.3,107.4,-3.1,52.8,1.09,14.7,33.7,71.4,52.7,18.3,49.4,53.9,91.89,47.1,"7,661"
Sacramento Kings,82,33,49,3961.0,105.1,106.7,-1.6,56.6,1.39,15.8,26.7,69.2,47.7,15.1,49.1,54.5,95.83,48.5,"7,898"
Minnesota Timberwolves,82,32,50,4001.0,102.4,106.5,-4.0,61.7,1.45,17.5,29.2,69.8,50.0,16.6,49.0,53.7,92.19,48.7,"7,689"
Portland Trail Blazers,82,32,50,3991.0,103.8,108.6,-4.8,52.6,1.22,15.0,32.6,69.7,50.7,16.6,48.3,53.0,89.36,45.9,"7,431"
Seattle SuperSonics,82,31,51,3966.0,105.9,108.9,-3.0,55.6,1.34,16.2,31.2,67.6,49.2,16.5,49.9,54.4,92.92,47.4,"7,674"
Atlanta Hawks,82,30,52,3976.0,102.0,107.0,-5.1,55.6,1.20,15.3,32.8,67.6,49.9,17.3,47.1,52.3,90.98,46.6,"7,533"
Milwaukee Bucks,82,28,54,3971.0,106.0,110.3,-4.3,56.7,1.43,16.7,30.6,65.7,47.9,16.1,50.4,54.1,93.33,45.6,"7,709"
Boston Celtics,82,24,58,3971.0,102.3,105.8,-3.5,57.0,1.21,15.6,30.9,70.5,50.2,17.6,47.9,53.0,92.91,45.9,"7,680"
Memphis Grizzlies,82,22,60,3996.0,105.7,110.9,-5.2,56.0,1.25,15.9,29.1,68.2,48.6,17.0,50.4,55.5,94.77,46.2,"7,883"
Boston Celtics,82,66,16,3951.0,108.8,98.1,10.8,61.4,1.47,17.6,30.6,70.7,51.8,16.4,52.2,56.9,91.88,58.1,"7,575"
Detroit Pistons,82,59,23,3946.0,109.8,101.5,8.3,61.1,1.92,17.8,32.7,70.0,51.3,13.1,49.5,53.9,88.54,55.2,"7,279"
Los Angeles Lakers,82,57,25,3956.0,111.7,104.3,7.3,61.7,1.73,18.1,29.7,70.2,50.7,14.5,52.5,57.0,96.70,55.1,"7,974"
New Orleans Hornets,82,56,26,3961.0,110.0,104.4,5.6,56.4,1.83,17.2,30.0,71.7,50.6,13.0,51.2,54.8,91.04,52.6,"7,517"
San Antonio Spurs,82,56,26,3946.0,106.0,100.7,5.3,58.5,1.66,17.1,26.8,73.3,50.3,14.0,50.4,54.3,89.72,53.3,"7,377"
Houston Rockets,82,55,27,3946.0,105.4,100.5,4.8,58.5,1.56,16.8,32.3,71.1,51.9,15.0,49.2,52.8,91.42,53.5,"7,525"
Phoenix Suns,82,55,27,3956.0,112.0,107.0,5.0,64.5,1.85,19.7,25.3,67.4,48.1,14.7,55.1,59.0,97.72,55.6,"8,058"
Utah Jazz,82,54,28,3941.0,112.1,104.9,7.2,66.0,1.80,19.6,32.7,71.0,52.1,15.4,52.8,57.3,94.64,55.6,"7,773"
Orlando Magic,82,52,30,3956.0,110.4,104.9,5.6,55.8,1.45,16.4,27.4,70.9,50.1,15.1,53.7,57.5,94.02,52.9,"7,757"
Dallas Mavericks,82,51,31,3946.0,109.5,104.7,4.8,56.9,1.66,16.7,30.0,71.6,51.4,13.8,50.2,55.4,91.38,53.6,"7,518"
Denver Nuggets,82,50,32,3971.0,108.9,105.5,3.4,61.2,1.68,17.7,29.2,68.6,49.4,14.4,51.0,55.7,100.58,52.9,"8,330"
Golden State Warriors,82,48,34,3956.0,110.4,108.5,1.9,53.9,1.69,16.3,30.1,67.2,48.1,13.1,51.1,54.8,99.96,49.6,"8,249"
Cleveland Cavaliers,82,45,37,3971.0,104.8,105.4,-0.6,55.8,1.43,15.7,33.4,71.5,51.8,15.2,48.0,52.0,91.06,49.0,"7,540"
Washington Wizards,82,43,39,3981.0,107.6,107.9,-0.3,53.8,1.49,15.6,32.0,69.5,50.3,14.4,48.9,53.5,90.85,48.8,"7,533"
Portland Trail Blazers,82,41,41,3981.0,105.9,106.8,-0.8,59.0,1.64,17.0,30.3,68.4,49.5,14.3,48.9,53.2,89.10,49.5,"7,381"
Toronto Raptors,82,41,41,3966.0,108.9,105.6,3.3,62.0,2.04,18.7,26.9,70.9,48.9,12.7,51.1,55.1,91.35,51.9,"7,543"
Philadelphia 76ers,82,40,42,3951.0,105.1,104.7,0.5,54.7,1.43,15.9,35.1,68.8,51.5,15.6,48.2,52.2,91.56,50.0,"7,536"
Sacramento Kings,82,38,44,3966.0,106.2,108.6,-2.4,51.5,1.19,14.9,29.0,68.9,49.3,16.6,50.3,55.6,95.81,48.3,"7,920"
Atlanta Hawks,82,37,45,3971.0,105.5,107.3,-1.8,60.6,1.48,17.0,32.9,68.2,50.6,16.0,48.3,53.5,92.35,49.8,"7,634"
Indiana Pacers,82,36,46,3951.0,105.1,106.3,-1.2,60.1,1.51,16.9,27.8,70.1,48.7,15.2,49.8,54.0,98.64,48.5,"8,111"
New Jersey Nets,82,34,48,3966.0,102.3,107.7,-5.4,67.4,1.57,18.0,30.0,70.6,50.2,16.0,48.1,52.8,92.96,47.5,"7,679"
Chicago Bulls,82,33,49,3961.0,102.9,106.0,-3.1,60.6,1.51,16.7,32.5,68.7,50.0,15.4,47.0,51.5,94.04,48.0,"7,754"
Charlotte Bobcats,82,32,50,3976.0,103.7,108.2,-4.5,59.1,1.45,16.6,29.4,67.4,48.3,15.7,49.2,53.2,92.75,46.9,"7,678"
Milwaukee Bucks,82,26,56,3971.0,103.9,111.1,-7.2,58.2,1.45,16.5,33.2,69.4,50.6,15.8,48.2,52.2,92.61,45.2,"7,654"
Los Angeles Clippers,82,23,59,3961.0,99.9,107.4,-7.5,61.4,1.47,16.7,26.7,70.3,48.4,15.3,46.5,51.9,93.38,46.1,"7,698"
New York Knicks,82,23,59,3976.0,103.5,110.4,-6.8,51.6,1.29,14.7,32.1,69.7,50.2,15.5,47.5,51.8,92.76,44.0,"7,676"
Memphis Grizzlies,82,22,60,3961.0,103.9,110.2,-6.3,51.4,1.26,14.9,27.7,70.6,48.9,15.7,50.0,53.9,96.33,45.1,"7,945"
Minnesota Timberwolves,82,22,60,3946.0,102.7,110.0,-7.3,53.0,1.37,15.6,31.4,70.3,50.1,15.6,48.4,51.8,92.84,43.5,"7,632"
Seattle SuperSonics,82,20,62,3966.0,99.6,108.3,-8.6,55.9,1.33,15.9,30.5,70.0,50.2,16.3,46.7,50.9,97.32,45.0,"8,030"
Miami Heat,82,15,67,3966.0,99.4,108.8,-9.4,58.5,1.37,16.3,26.4,68.1,47.0,15.9,48.2,52.2,91.24,44.5,"7,538"
Cleveland Cavaliers,82,66,16,3956.0,111.2,101.6,9.6,55.0,1.59,16.4,30.6,70.7,51.2,14.1,51.9,56.0,89.61,55.9,"7,395"
Los Angeles Lakers,82,65,17,3956.0,111.4,103.5,7.9,57.7,1.73,17.3,32.6,69.8,51.4,14.0,51.3,55.5,95.49,54.7,"7,874"
Boston Celtics,82,62,20,3976.0,109.5,101.6,7.9,60.6,1.45,17.8,31.4,71.5,52.4,16.9,52.8,57.1,91.15,56.2,"7,560"
Orlando Magic,82,59,23,3946.0,108.3,101.3,7.1,54.4,1.39,15.6,27.3,71.7,50.2,14.9,52.0,55.9,92.99,54.5,"7,649"
Denver Nuggets,82,54,28,3946.0,109.0,105.6,3.4,59.5,1.45,16.9,31.1,68.3,50.3,16.0,51.2,56.3,95.39,52.9,"7,848"
Portland Trail Blazers,82,54,28,3966.0,112.1,106.1,6.0,55.2,1.58,16.4,35.5,70.8,52.8,14.5,51.1,55.3,88.02,53.1,"7,273"
San Antonio Spurs,82,54,28,3981.0,107.6,103.4,4.2,57.1,1.80,17.3,25.8,74.0,50.2,13.0,51.3,54.8,89.19,52.3,"7,395"
Houston Rockets,82,53,29,3961.0,107.1,102.9,4.2,56.2,1.44,16.2,30.8,71.4,51.7,15.4,50.1,54.8,91.23,53.0,"7,532"
Dallas Mavericks,82,50,32,3961.0,109.0,107.0,2.0,56.9,1.71,17.0,29.7,70.7,50.4,13.6,50.4,55.0,92.68,52.2,"7,651"
New Orleans Hornets,82,49,33,3951.0,107.6,105.8,1.8,55.3,1.56,16.3,28.2,70.7,49.6,14.1,50.1,54.8,88.74,51.5,"7,303"
Utah Jazz,82,48,34,3976.0,108.5,105.8,2.7,64.4,1.67,18.4,31.6,69.3,50.5,15.5,50.4,55.4,94.47,53.5,"7,827"
Atlanta Hawks,82,47,35,3941.0,108.3,106.7,1.7,56.1,1.58,16.4,29.5,68.2,49.0,14.1,50.4,54.6,90.44,50.7,"7,428"
Phoenix Suns,82,46,36,3951.0,112.4,110.4,2.0,56.5,1.48,17.4,30.8,68.2,50.3,16.1,54.5,58.4,96.99,52.5,"7,984"
Miami Heat,82,43,39,3991.0,106.8,106.5,0.3,55.1,1.63,16.3,28.2,69.3,48.4,13.6,50.0,54.0,90.80,50.5,"7,547"
Chicago Bulls,82,41,41,3986.0,107.2,107.5,-0.3,55.4,1.45,16.1,32.1,67.5,49.8,15.3,49.3,54.1,94.10,49.9,"7,816"
Philadelphia 76ers,82,41,41,3951.0,106.3,106.1,0.2,55.0,1.42,15.8,34.2,68.0,50.8,15.4,48.5,53.2,91.30,50.3,"7,512"
Detroit Pistons,82,39,43,3981.0,105.8,106.4,-0.6,56.7,1.74,16.7,31.1,71.1,50.8,13.3,48.3,52.4,88.02,49.6,"7,302"
Indiana Pacers,82,36,46,3966.0,107.2,108.2,-1.0,55.1,1.49,16.3,29.1,70.7,49.8,14.8,50.1,54.5,97.34,48.9,"8,037"
Charlotte Bobcats,82,35,47,3986.0,103.7,105.0,-1.3,60.7,1.36,17.0,32.1,68.6,50.4,17.3,49.4,53.6,89.18,49.5,"7,401"
Milwaukee Bucks,82,34,48,3956.0,105.2,106.3,-1.1,59.9,1.56,16.8,31.0,69.9,49.6,14.9,48.3,53.1,93.89,48.5,"7,736"
New Jersey Nets,82,34,48,3966.0,106.8,109.5,-2.7,55.9,1.52,16.0,28.8,70.3,49.3,14.3,49.7,54.3,91.12,47.4,"7,530"
Toronto Raptors,82,33,49,3961.0,105.5,108.6,-3.0,60.1,1.67,17.5,27.6,70.6,49.3,14.3,49.4,54.2,93.26,49.2,"7,697"
New York Knicks,82,32,50,3961.0,107.0,109.4,-2.5,55.1,1.48,16.0,27.7,69.6,48.0,14.6,50.3,54.4,97.82,46.7,"8,066"
Golden State Warriors,82,29,53,3976.0,108.0,111.7,-3.7,53.0,1.42,15.4,29.3,65.2,47.3,14.6,49.7,54.9,99.57,47.8,"8,247"
Memphis Grizzlies,82,24,58,3961.0,102.3,108.2,-6.0,49.7,1.14,14.2,29.7,69.7,49.5,16.6,48.6,53.3,91.22,45.7,"7,528"
Minnesota Timberwolves,82,24,58,3961.0,104.9,109.9,-5.0,56.1,1.44,15.9,32.1,71.7,51.1,15.2,48.1,52.6,92.76,45.3,"7,645"
Oklahoma City Thunder,82,23,59,3961.0,101.4,107.6,-6.2,55.5,1.25,15.6,30.9,71.6,50.8,17.0,47.1,52.1,95.10,46.4,"7,841"
Los Angeles Clippers,82,19,63,3976.0,101.0,110.1,-9.2,58.3,1.41,16.4,28.7,67.9,47.9,15.8,48.1,52.0,93.30,44.1,"7,723"
Washington Wizards,82,19,63,3941.0,104.0,112.1,-8.1,54.8,1.43,15.8,31.3,68.9,49.5,15.1,48.0,52.4,92.26,44.8,"7,576"
Sacramento Kings,82,17,65,3981.0,104.4,113.4,-9.0,54.1,1.28,15.3,28.9,66.9,47.7,16.0,49.1,54.2,95.29,44.0,"7,901"
Cleveland Cavaliers,82,61,21,3956.0,110.6,103.8,6.8,59.2,1.61,17.7,29.3,72.5,51.9,15.0,53.2,57.0,91.77,55.2,"7,573"
Orlando Magic,82,59,23,3946.0,110.7,102.8,7.9,53.7,1.40,15.8,28.0,72.6,51.2,15.2,53.6,57.3,92.54,55.1,"7,614"
Los Angeles Lakers,82,57,25,3966.0,107.6,102.7,4.9,55.0,1.58,16.2,31.4,70.8,51.2,14.1,49.6,53.8,93.73,52.9,"7,749"
Dallas Mavericks,82,55,27,3976.0,107.8,105.0,2.8,61.1,1.81,18.0,27.9,69.7,49.3,13.7,50.6,55.2,93.60,53.4,"7,757"
Phoenix Suns,82,54,28,3946.0,113.9,109.1,4.8,57.3,1.58,17.5,31.1,67.3,50.3,15.2,54.6,58.5,96.43,53.6,"7,937"
Atlanta Hawks,82,53,29,3971.0,111.0,106.0,4.9,56.2,1.83,17.1,32.0,68.5,50.2,13.0,50.6,54.5,90.77,52.3,"7,515"
Denver Nuggets,82,53,29,3956.0,110.8,106.5,4.4,55.0,1.51,16.1,30.4,68.7,49.8,14.4,50.9,56.1,95.61,52.4,"7,876"
Utah Jazz,82,53,29,3951.0,109.7,104.0,5.7,67.8,1.76,19.8,31.3,71.8,52.0,16.0,52.4,56.5,94.68,55.0,"7,791"
Boston Celtics,82,50,32,3956.0,106.9,103.2,3.7,63.5,1.58,18.5,27.4,69.7,49.3,16.0,52.2,56.4,92.22,54.0,"7,609"
Oklahoma City Thunder,82,50,32,3961.0,107.0,103.5,3.5,53.5,1.34,15.5,32.0,69.4,51.1,15.8,49.4,54.7,94.13,53.2,"7,774"
Portland Trail Blazers,82,50,32,3971.0,109.6,106.1,3.5,56.3,1.65,16.6,32.0,70.2,51.0,13.8,49.9,54.7,88.64,52.5,"7,339"
San Antonio Spurs,82,50,32,3956.0,109.3,103.9,5.4,58.1,1.64,17.4,30.3,72.0,51.5,14.7,51.5,55.2,92.26,53.2,"7,605"
Miami Heat,82,47,35,3976.0,105.7,103.4,2.4,51.9,1.43,15.4,29.4,70.1,50.0,14.4,49.6,53.7,90.30,52.2,"7,485"
Milwaukee Bucks,82,46,36,3996.0,104.0,101.9,2.1,57.0,1.60,16.4,29.8,72.6,50.1,14.1,48.2,51.8,92.60,49.5,"7,698"
Charlotte Bobcats,82,44,38,3976.0,103.9,102.0,1.9,58.0,1.29,16.1,31.5,69.8,51.0,17.2,49.0,53.8,90.91,51.8,"7,519"
Houston Rockets,82,42,40,3981.0,106.8,106.8,0.0,57.9,1.51,16.5,30.9,69.9,49.8,15.1,49.4,53.7,94.91,48.9,"7,857"
Chicago Bulls,82,41,41,3981.0,102.6,104.2,-1.6,55.3,1.45,16.0,30.3,70.9,50.9,15.1,47.7,52.0,94.02,50.0,"7,794"
Memphis Grizzlies,82,40,42,3981.0,107.5,109.0,-1.5,47.9,1.24,14.4,35.5,69.8,52.3,16.0,49.4,53.6,94.29,48.6,"7,816"
Toronto Raptors,82,40,42,3956.0,110.2,112.2,-2.0,56.4,1.64,17.1,28.8,69.2,49.5,14.2,52.1,56.4,93.94,48.9,"7,746"
New Orleans Hornets,82,37,45,3966.0,106.5,108.9,-2.4,57.5,1.66,17.3,28.2,69.6,48.6,14.3,50.6,54.3,93.53,48.4,"7,721"
Indiana Pacers,82,32,50,3941.0,103.0,106.0,-3.0,57.3,1.40,16.1,25.5,69.0,47.3,15.4,49.1,53.6,97.77,47.6,"8,024"
Los Angeles Clippers,82,29,53,3941.0,102.3,109.1,-6.8,60.3,1.41,17.1,30.5,69.7,50.0,16.8,49.1,52.9,93.44,46.5,"7,670"
New York Knicks,82,29,53,3976.0,106.4,110.3,-4.0,56.7,1.54,16.6,26.8,69.1,47.6,14.6,50.9,54.7,95.03,47.4,"7,872"
Detroit Pistons,82,27,55,3956.0,104.5,110.3,-5.9,54.1,1.45,15.5,34.6,69.7,51.0,14.9,47.4,51.5,89.46,44.8,"7,379"
Philadelphia 76ers,82,27,55,3961.0,104.8,108.9,-4.1,55.8,1.45,16.4,31.0,69.3,49.8,15.6,49.6,53.4,92.72,47.8,"7,648"
Golden State Warriors,82,26,56,3946.0,107.0,110.3,-3.3,55.2,1.53,16.5,25.4,65.9,45.3,14.4,51.4,55.7,101.52,47.0,"8,338"
Washington Wizards,82,26,56,3966.0,103.1,108.3,-5.3,51.8,1.28,15.0,31.7,69.1,50.1,15.9,48.1,52.4,92.60,46.2,"7,656"
Sacramento Kings,82,25,57,3976.0,104.4,109.1,-4.7,53.4,1.37,15.7,31.5,70.0,50.4,15.6,49.1,52.8,94.78,46.7,"7,855"
Minnesota Timberwolves,82,15,67,3956.0,100.6,110.4,-9.8,52.4,1.22,15.0,30.8,70.5,50.1,16.7,47.8,51.8,97.12,43.2,"8,002"
New Jersey Nets,82,12,70,3956.0,99.3,108.9,-9.6,54.7,1.30,15.1,28.5,68.6,47.8,15.5,45.8,50.9,92.65,42.9,"7,628"
Chicago Bulls,82,62,20,3966.0,107.2,99.5,7.8,60.1,1.57,17.3,33.2,71.7,52.8,15.4,50.1,54.1,91.20,55.5,"7,542"
San Antonio Spurs,82,61,21,3956.0,110.5,104.4,6.1,58.3,1.67,17.5,27.6,71.1,50.0,14.3,52.7,56.7,93.34,53.8,"7,691"
Miami Heat,82,58,24,3956.0,110.6,102.9,7.8,54.1,1.44,16.1,28.7,71.5,51.4,15.1,52.4,57.3,91.63,55.6,"7,564"
Dallas Mavericks,82,57,25,3941.0,108.4,104.1,4.4,63.7,1.71,18.7,27.8,71.3,50.4,15.1,52.5,56.5,92.24,53.8,"7,581"
Los Angeles Lakers,82,57,25,3966.0,109.6,103.3,6.3,57.6,1.68,17.0,32.5,69.2,51.3,14.1,50.2,54.5,91.78,54.1,"7,594"
Boston Celtics,82,56,26,3956.0,105.5,99.8,5.7,63.5,1.61,18.8,25.7,70.9,49.7,15.9,51.9,56.1,90.92,55.8,"7,500"
Oklahoma City Thunder,82,55,27,4001.0,109.9,105.9,3.9,54.5,1.45,15.8,30.6,69.7,50.7,14.8,50.1,56.1,93.84,52.9,"7,824"
Orlando Magic,82,52,30,3966.0,107.4,101.8,5.6,55.3,1.34,15.9,30.4,72.3,51.8,16.2,52.1,55.4,91.55,53.4,"7,575"
Denver Nuggets,82,50,32,3941.0,111.7,106.8,4.9,57.6,1.57,17.0,28.3,71.6,50.6,14.7,52.6,57.4,96.06,52.4,"7,888"
Portland Trail Blazers,82,48,34,3961.0,107.3,105.7,1.6,58.8,1.62,16.9,33.1,68.2,49.9,14.5,48.6,53.3,89.13,51.6,"7,359"
Memphis Grizzlies,82,46,36,3976.0,107.0,104.5,2.5,52.8,1.48,16.0,33.3,68.2,50.5,15.0,49.3,53.4,92.42,51.8,"7,656"
New Orleans Hornets,82,46,36,3966.0,105.4,104.4,1.0,57.4,1.58,16.8,28.9,72.1,50.3,14.5,49.3,53.7,89.40,50.7,"7,387"
Atlanta Hawks,82,44,38,3946.0,105.1,105.8,-0.7,60.7,1.61,17.7,27.4,71.0,49.4,15.1,50.1,54.2,90.22,49.3,"7,410"
Houston Rockets,82,43,39,3976.0,110.2,107.9,2.3,61.7,1.76,17.8,31.5,69.0,50.1,14.1,50.3,55.0,95.14,51.5,"7,880"
New York Knicks,82,42,40,3956.0,109.9,109.0,1.0,56.0,1.56,16.4,27.3,67.6,47.3,14.1,51.3,56.1,96.47,50.4,"7,945"
Philadelphia 76ers,82,41,41,3986.0,105.3,103.8,1.5,59.6,1.75,17.6,27.8,71.4,49.7,13.8,49.4,53.5,92.78,51.0,"7,709"
Phoenix Suns,82,40,42,4001.0,108.6,109.4,-0.8,60.4,1.66,17.9,27.5,68.1,48.0,14.7,52.2,55.9,95.18,49.4,"7,930"
Utah Jazz,82,39,43,3976.0,107.0,108.8,-1.8,62.7,1.63,18.0,31.4,67.9,49.6,15.4,49.8,54.4,92.03,50.0,"7,619"
Indiana Pacers,82,37,45,3956.0,104.1,105.0,-0.9,53.6,1.28,15.2,29.7,70.3,50.1,16.0,48.6,53.3,95.50,49.2,"7,864"
Golden State Warriors,82,36,46,3966.0,107.1,109.4,-2.3,56.8,1.54,17.0,30.0,65.9,47.6,15.1,51.0,54.4,95.85,47.2,"7,916"
Milwaukee Bucks,82,35,47,3966.0,100.8,101.5,-0.8,54.9,1.40,15.3,28.7,71.0,49.2,14.8,46.7,51.1,90.57,48.8,"7,477"
Charlotte Bobcats,82,34,48,3961.0,102.8,107.0,-4.2,60.1,1.45,16.9,29.8,70.5,50.2,16.0,48.2,52.8,90.30,48.0,"7,444"
Los Angeles Clippers,82,32,50,3971.0,104.8,108.0,-3.2,60.1,1.35,16.9,33.0,69.2,51.1,17.4,49.6,53.5,93.35,48.3,"7,718"
Detroit Pistons,82,30,52,3976.0,107.0,110.7,-3.7,56.6,1.62,16.8,31.7,68.1,49.1,14.4,49.5,53.3,89.79,46.4,"7,428"
New Jersey Nets,82,24,58,4001.0,102.1,108.9,-6.8,59.0,1.50,16.6,30.4,70.0,49.7,15.2,47.4,51.7,90.70,45.2,"7,563"
Sacramento Kings,82,24,58,3971.0,102.9,108.4,-5.5,53.4,1.27,15.4,33.4,70.2,51.2,16.7,48.0,51.9,95.76,46.2,"7,923"
Washington Wizards,82,23,59,3986.0,101.3,109.1,-7.8,52.2,1.27,14.9,31.7,67.1,48.8,16.0,47.1,51.3,94.76,44.5,"7,871"
Toronto Raptors,82,22,60,3956.0,105.2,111.7,-6.5,57.1,1.49,16.8,31.4,68.5,49.5,15.6,49.1,53.3,93.78,45.9,"7,723"
Cleveland Cavaliers,82,19,63,3951.0,101.5,110.9,-9.5,59.6,1.48,16.4,28.3,69.9,48.5,15.1,47.2,51.8,93.76,44.1,"7,715"
Minnesota Timberwolves,82,17,65,3956.0,103.2,109.9,-6.7,53.4,1.18,15.0,33.6,69.8,51.2,17.4,48.3,52.6,97.49,44.3,"8,034"
Chicago Bulls,66,50,16,3188.0,106.3,97.5,8.8,61.9,1.65,17.7,36.1,70.3,53.6,15.4,49.0,52.3,89.98,56.1,"5,982"
San Antonio Spurs,66,50,16,3188.0,110.0,102.3,7.7,58.5,1.71,17.8,28.2,72.0,50.7,14.4,52.8,56.2,93.67,54.6,"6,220"
Oklahoma City Thunder,66,47,19,3198.0,108.4,102.1,6.3,49.7,1.13,14.6,30.4,68.7,50.9,17.2,51.6,56.7,94.11,54.2,"6,273"
Miami Heat,66,46,20,3208.0,105.6,99.2,6.4,53.8,1.31,15.9,29.9,69.3,50.4,16.3,50.5,54.9,92.07,55.3,"6,154"
Indiana Pacers,66,42,24,3198.0,105.5,102.1,3.3,52.2,1.33,14.7,33.3,68.9,51.1,15.1,47.4,52.6,91.68,52.1,"6,115"
Los Angeles Lakers,66,41,25,3213.0,104.5,103.2,1.3,61.1,1.49,17.3,32.7,71.9,53.2,16.2,49.1,53.4,91.72,52.4,"6,145"
Memphis Grizzlies,66,41,25,3188.0,102.8,100.6,2.2,53.2,1.35,15.4,33.5,68.8,50.8,15.7,47.3,51.5,91.82,51.4,"6,099"
Atlanta Hawks,66,40,26,3233.0,104.2,100.4,3.8,61.0,1.61,17.6,27.9,70.3,49.3,15.1,50.0,53.5,90.88,52.6,"6,117"
Los Angeles Clippers,66,40,26,3193.0,107.5,104.8,2.7,56.8,1.58,16.6,33.1,69.2,50.7,14.7,50.2,53.3,89.98,51.7,"5,989"
Boston Celtics,66,39,27,3188.0,100.1,97.5,2.6,66.5,1.59,18.8,24.5,68.6,47.8,16.2,49.6,53.5,91.11,53.5,"6,055"
Denver Nuggets,66,38,28,3208.0,108.3,105.1,3.2,61.5,1.56,17.9,31.6,70.5,51.5,16.0,51.6,55.6,95.03,52.7,"6,346"
Orlando Magic,66,37,29,3193.0,104.0,103.4,0.6,58.1,1.34,16.1,30.6,72.0,51.0,16.5,50.6,53.3,89.75,49.3,"5,978"
Dallas Mavericks,66,36,30,3213.0,102.1,100.9,1.1,57.5,1.49,16.5,26.8,71.4,49.3,14.9,48.9,52.7,92.61,51.0,"6,195"
New York Knicks,66,36,30,3188.0,103.5,100.2,3.2,56.2,1.26,15.6,30.9,70.2,50.3,16.9,49.2,53.3,93.91,52.0,"6,242"
Utah Jazz,66,36,30,3233.0,105.5,104.9,0.5,57.0,1.54,16.6,34.0,70.3,51.9,15.0,48.1,52.5,92.53,50.9,"6,236"
Philadelphia 76ers,66,35,31,3183.0,102.7,98.2,4.6,58.8,1.97,17.5,27.7,71.2,49.5,12.3,48.0,51.1,90.68,53.2,"6,016"
Houston Rockets,66,34,32,3213.0,104.2,104.0,0.2,56.4,1.47,16.4,30.9,69.2,49.9,15.4,49.2,52.9,92.82,49.7,"6,215"
Phoenix Suns,66,33,33,3168.0,105.2,105.2,-0.1,59.6,1.60,17.4,29.4,68.7,49.3,15.0,49.9,53.6,93.61,50.2,"6,173"
Milwaukee Bucks,66,31,35,3173.0,104.5,104.1,0.4,62.0,1.67,17.6,31.4,67.5,49.0,14.8,48.1,52.1,94.68,50.3,"6,256"
Portland Trail Blazers,66,28,38,3193.0,104.4,105.3,-0.9,56.2,1.44,16.1,30.3,69.1,49.3,15.2,48.8,53.1,92.24,49.4,"6,143"
Minnesota Timberwolves,66,26,40,3188.0,103.1,105.3,-2.2,54.8,1.29,15.1,31.1,69.3,50.2,16.0,47.7,52.4,94.44,48.3,"6,268"
Detroit Pistons,66,25,41,3193.0,100.0,105.0,-5.0,53.8,1.19,15.1,32.2,68.9,50.0,17.2,46.8,51.0,90.31,44.8,"6,000"
Golden State Warriors,66,23,43,3183.0,103.9,107.3,-3.4,59.1,1.61,17.4,25.6,65.8,46.0,14.7,50.5,53.9,93.78,47.2,"6,212"
Toronto Raptors,66,23,43,3193.0,99.6,103.6,-3.9,60.9,1.38,16.8,29.4,70.8,50.3,16.7,47.5,51.8,90.19,47.8,"6,008"
New Jersey Nets,66,22,44,3178.0,101.8,108.1,-6.3,58.0,1.32,15.8,31.4,67.7,48.9,16.5,47.3,51.6,91.26,44.8,"6,036"
Sacramento Kings,66,22,44,3183.0,102.9,108.7,-5.8,51.0,1.34,14.7,32.1,67.0,48.7,15.0,47.2,51.0,95.56,45.1,"6,333"
Cleveland Cavaliers,66,21,45,3193.0,100.0,107.6,-7.6,57.9,1.29,15.4,32.3,68.3,49.6,16.6,46.3,50.5,92.34,43.9,"6,140"
New Orleans Hornets,66,21,45,3188.0,99.9,103.9,-4.0,59.5,1.34,16.8,31.0,69.6,50.6,17.3,47.6,51.7,89.27,48.2,"5,924"
Washington Wizards,66,20,46,3173.0,100.0,104.9,-5.0,52.3,1.25,15.1,30.8,67.8,48.9,16.3,47.2,50.8,93.59,46.0,"6,182"
Charlotte Bobcats,66,7,59,3178.0,94.4,109.4,-15.0,60.5,1.39,16.0,28.5,67.8,47.4,15.7,43.9,48.3,91.86,41.1,"6,080"
Miami Heat,82,66,16,3976.0,111.4,103.2,8.2,60.0,1.65,18.4,26.4,67.8,48.5,15.1,55.2,58.8,91.26,56.4,"7,572"
Oklahoma City Thunder,82,60,22,3966.0,111.0,101.2,9.9,56.1,1.40,16.6,29.1,70.2,51.3,16.0,52.7,58.0,94.58,57.0,"7,808"
San Antonio Spurs,82,58,24,3976.0,107.0,100.3,6.7,64.1,1.71,19.1,24.3,71.5,49.3,15.3,53.1,56.8,95.31,55.1,"7,892"
Denver Nuggets,82,57,25,3981.0,109.3,104.2,5.1,60.0,1.60,17.8,34.5,67.5,51.3,15.7,51.5,54.9,95.92,53.8,"7,960"
Los Angeles Clippers,82,56,26,3946.0,109.8,102.8,6.9,62.0,1.64,18.4,32.3,69.7,51.2,15.9,52.6,55.7,91.83,54.8,"7,552"
Memphis Grizzlies,82,56,26,3961.0,103.6,99.1,4.5,57.9,1.50,16.5,34.4,70.2,52.0,15.5,47.2,51.4,89.56,53.1,"7,394"
New York Knicks,82,54,28,3946.0,109.8,105.4,4.5,52.7,1.60,15.6,29.1,70.8,49.4,13.2,51.5,55.0,90.68,51.2,"7,462"
Brooklyn Nets,82,49,33,3971.0,106.9,104.8,2.0,56.7,1.38,16.1,34.3,70.1,52.0,16.2,49.8,53.6,89.88,50.9,"7,433"
Indiana Pacers,81,49,32,3918.0,103.4,99.0,4.4,57.8,1.34,16.0,33.6,70.1,52.2,16.5,47.9,52.1,90.90,53.7,"7,420"
Golden State Warriors,82,47,35,3961.0,105.1,104.2,0.9,58.9,1.49,17.1,28.5,71.2,50.6,15.7,50.6,54.5,95.64,50.2,"7,893"
Chicago Bulls,82,45,37,3966.0,102.4,101.9,0.5,64.5,1.61,17.8,33.2,69.9,51.4,15.7,47.0,51.2,90.35,51.4,"7,460"
Houston Rockets,82,45,37,3956.0,108.8,105.3,3.5,60.9,1.41,17.3,30.5,71.0,50.9,16.9,52.5,56.4,96.89,51.0,"7,988"
Los Angeles Lakers,82,45,37,3951.0,107.0,105.9,1.1,59.8,1.48,16.8,30.9,70.2,51.0,15.7,51.2,54.8,95.08,51.3,"7,830"
Atlanta Hawks,82,44,38,3971.0,103.7,103.4,0.3,65.1,1.65,18.8,25.4,70.1,48.2,15.7,51.7,54.6,93.56,50.9,"7,744"
Utah Jazz,82,43,39,3976.0,105.4,105.6,-0.2,61.0,1.54,17.4,32.9,69.7,51.0,15.9,49.2,53.3,92.05,50.4,"7,629"
Boston Celtics,81,41,40,3968.0,102.2,102.6,-0.5,61.4,1.56,17.9,24.6,69.0,47.7,15.4,50.3,54.2,92.46,50.7,"7,652"
Dallas Mavericks,82,41,41,3996.0,104.7,105.4,-0.6,59.9,1.67,17.7,25.9,69.8,48.4,14.4,50.6,54.4,95.09,50.2,"7,917"
Milwaukee Bucks,82,38,44,3966.0,102.5,104.2,-1.7,60.0,1.62,17.0,31.5,67.8,49.1,14.6,47.6,51.0,95.65,48.8,"7,909"
Philadelphia 76ers,82,34,48,3951.0,101.0,104.7,-3.7,61.0,1.74,17.7,29.1,69.5,48.9,14.1,48.1,50.9,91.88,47.4,"7,566"
Toronto Raptors,82,34,48,3996.0,105.0,106.4,-1.4,59.2,1.57,16.9,29.6,68.8,49.0,14.8,48.8,53.2,91.26,48.4,"7,591"
Portland Trail Blazers,82,33,49,3971.0,104.5,107.9,-3.4,59.3,1.48,17.0,29.4,70.2,49.5,15.7,49.8,53.6,92.46,46.8,"7,649"
Minnesota Timberwolves,82,31,51,3946.0,101.8,104.0,-2.2,62.4,1.51,17.1,31.2,70.2,50.0,15.7,47.3,51.6,93.94,49.4,"7,712"
Detroit Pistons,82,29,53,3961.0,102.7,107.2,-4.5,58.5,1.40,16.6,32.4,69.5,50.6,16.4,48.7,52.1,91.68,46.7,"7,571"
Washington Wizards,82,29,53,3971.0,99.3,101.6,-2.3,61.0,1.43,16.9,27.9,70.6,49.1,16.1,47.5,51.2,93.23,48.1,"7,699"
Sacramento Kings,82,28,54,3966.0,105.3,110.0,-4.7,55.3,1.42,16.0,30.6,67.3,48.5,15.4,49.1,53.2,94.65,45.4,"7,804"
New Orleans Hornets,82,27,55,3956.0,104.5,108.9,-4.4,58.2,1.44,16.7,33.2,70.5,51.4,16.2,48.9,52.8,89.50,46.4,"7,379"
Phoenix Suns,82,25,57,3961.0,100.2,106.9,-6.7,60.6,1.45,17.1,30.8,68.7,49.1,16.4,47.7,51.2,94.48,45.8,"7,793"
Cleveland Cavaliers,82,24,58,3946.0,103.2,108.2,-5.0,56.6,1.47,15.9,32.6,69.5,50.0,15.0,47.3,51.4,93.25,45.0,"7,666"
Charlotte Bobcats,82,21,61,3961.0,100.4,110.3,-9.9,56.2,1.38,15.3,30.5,67.9,48.6,15.1,46.0,50.7,92.49,43.8,"7,632"
Orlando Magic,82,20,62,3956.0,100.9,108.4,-7.4,60.5,1.57,17.6,29.3,70.7,49.8,15.6,48.5,51.4,92.81,45.9,"7,646"
San Antonio Spurs,82,62,20,3951.0,109.5,101.4,8.1,62.1,1.75,19.0,26.1,72.5,50.3,15.0,53.7,57.1,95.87,55.5,"7,887"
Oklahoma City Thunder,82,59,23,3961.0,109.4,103.0,6.4,56.2,1.43,16.6,29.4,72.2,51.8,15.8,52.0,56.6,96.33,54.3,"7,954"
Los Angeles Clippers,82,57,25,3951.0,111.3,104.0,7.3,62.8,1.77,18.3,28.8,69.0,49.6,14.3,52.6,56.7,96.66,54.8,"7,954"
Indiana Pacers,82,56,26,3956.0,103.6,98.9,4.7,56.0,1.33,15.9,29.6,72.1,51.7,16.2,49.0,53.5,92.89,54.5,"7,656"
Houston Rockets,82,54,28,3966.0,109.8,105.2,4.6,56.3,1.33,16.1,30.6,70.0,51.3,16.5,53.1,57.1,97.27,53.4,"8,040"
Miami Heat,82,54,28,3976.0,110.0,105.0,5.1,58.8,1.52,18.1,24.4,68.6,47.6,15.9,55.4,59.0,91.90,53.9,"7,615"
Portland Trail Blazers,82,54,28,3971.0,110.4,106.2,4.2,59.4,1.69,17.2,32.0,71.3,51.7,14.2,50.4,54.8,95.90,52.4,"7,930"
Golden State Warriors,82,51,31,3966.0,106.3,101.4,4.9,59.1,1.53,17.4,28.4,72.4,50.8,15.5,51.7,55.0,97.37,52.8,"8,045"
Memphis Grizzlies,82,50,32,3961.0,105.5,103.8,1.7,57.4,1.59,17.1,32.6,71.8,52.1,15.0,49.4,52.9,90.58,51.8,"7,476"
Dallas Mavericks,82,49,33,3966.0,109.5,107.2,2.3,59.6,1.74,18.0,27.6,69.4,48.7,14.1,52.6,56.4,94.94,52.1,"7,852"
Chicago Bulls,82,48,34,3986.0,101.7,99.9,1.9,65.4,1.52,17.6,32.1,71.3,51.8,16.2,47.1,51.8,90.84,52.8,"7,549"
Phoenix Suns,82,48,34,3951.0,108.2,105.6,2.6,49.3,1.24,14.7,29.8,69.9,50.0,15.8,51.9,55.8,96.83,50.9,"7,973"
Toronto Raptors,82,48,34,3991.0,107.9,104.6,3.3,58.1,1.50,16.4,31.2,70.1,50.5,15.1,49.8,54.5,92.48,51.2,"7,696"
Brooklyn Nets,82,44,38,3976.0,105.4,106.7,-1.3,58.5,1.44,16.7,26.0,68.6,47.5,15.5,51.4,55.5,92.42,49.2,"7,663"
Washington Wizards,82,44,38,4011.0,104.9,103.6,1.3,60.1,1.59,17.6,28.6,71.9,49.8,15.3,50.6,53.8,94.18,50.4,"7,872"
Charlotte Bobcats,82,43,39,3981.0,103.0,103.3,-0.4,59.7,1.76,16.9,26.9,73.0,50.0,13.1,48.1,52.2,92.93,50.8,"7,712"
Minnesota Timberwolves,82,40,42,3971.0,107.7,105.2,2.6,61.6,1.72,17.3,31.7,71.5,50.8,14.0,48.6,53.5,98.33,51.9,"8,139"
Atlanta Hawks,82,38,44,3966.0,104.9,105.7,-0.7,66.7,1.63,18.8,25.6,71.1,48.5,15.9,51.5,55.4,95.41,50.2,"7,892"
New York Knicks,82,37,45,3971.0,107.0,108.1,-1.1,54.2,1.54,16.0,29.1,70.5,49.2,14.1,50.5,54.1,91.24,49.0,"7,556"
Denver Nuggets,82,36,46,3951.0,105.1,107.3,-2.2,58.4,1.41,16.4,31.0,70.3,50.5,16.0,49.7,53.6,98.95,48.1,"8,146"
New Orleans Pelicans,82,34,48,3971.0,106.2,109.1,-3.0,56.3,1.55,16.5,30.5,69.4,49.7,14.7,49.5,53.7,93.07,48.3,"7,703"
Cleveland Cavaliers,82,33,49,3986.0,103.5,107.0,-3.6,57.2,1.49,16.2,31.4,71.1,50.8,14.9,47.9,51.8,93.69,46.9,"7,784"
Detroit Pistons,82,29,53,3956.0,105.2,109.0,-3.7,53.9,1.44,15.6,34.7,69.3,51.1,15.2,48.2,51.4,95.57,46.4,"7,874"
Sacramento Kings,82,28,54,3966.0,105.1,107.8,-2.7,51.1,1.24,14.6,31.6,72.5,51.8,15.9,48.4,53.2,95.04,47.3,"7,840"
Los Angeles Lakers,82,27,55,3941.0,103.2,109.3,-6.0,63.9,1.62,18.1,23.5,67.6,45.9,15.2,50.5,54.2,99.72,46.0,"8,177"
Boston Celtics,82,25,57,3946.0,101.9,106.5,-4.6,57.6,1.37,16.2,31.4,70.8,50.5,16.3,47.7,51.7,94.28,46.1,"7,745"
Utah Jazz,82,25,57,3956.0,102.4,110.1,-7.6,56.4,1.39,16.1,29.7,70.8,49.7,15.8,48.4,52.3,92.32,45.1,"7,605"
Orlando Magic,82,23,59,3991.0,101.0,106.6,-5.7,57.1,1.41,16.4,26.7,71.4,49.0,15.6,48.7,52.5,94.27,46.6,"7,837"
Philadelphia 76ers,82,19,63,3971.0,99.0,109.0,-10.0,57.6,1.29,16.0,29.0,68.4,47.9,16.8,47.5,51.0,99.74,42.6,"8,236"
Milwaukee Bucks,82,15,67,3976.0,101.9,110.2,-8.3,59.6,1.42,16.5,31.0,67.8,49.0,16.1,47.9,51.9,92.96,44.9,"7,685"
Golden State Warriors,82,67,15,3946.0,110.4,100.4,9.9,65.9,1.90,19.7,27.3,70.3,49.8,14.5,54.0,57.1,99.28,56.9,"8,170"
Atlanta Hawks,82,60,22,3946.0,108.2,102.3,5.9,67.6,1.81,19.5,26.4,69.7,48.7,15.0,52.7,56.3,94.66,54.0,"7,775"
Houston Rockets,82,56,26,3961.0,106.0,102.6,3.4,60.0,1.33,16.5,30.5,68.6,49.6,17.0,51.2,54.8,97.36,50.9,"8,037"
Los Angeles Clippers,82,56,26,3946.0,111.6,104.7,6.9,62.9,2.01,18.7,27.2,71.6,49.7,12.9,53.3,56.5,95.40,54.0,"7,844"
Memphis Grizzlies,82,55,27,3981.0,104.8,101.2,3.5,57.4,1.62,16.9,28.8,71.6,50.3,14.2,48.9,53.1,92.82,53.0,"7,696"
San Antonio Spurs,82,55,27,3991.0,107.6,101.4,6.3,62.3,1.75,18.4,27.2,73.0,50.7,14.6,51.7,55.5,94.45,54.5,"7,860"
Cleveland Cavaliers,82,53,29,3956.0,110.1,105.3,4.8,58.7,1.55,17.1,31.1,71.1,51.3,15.2,52.0,55.7,93.23,51.4,"7,682"
Portland Trail Blazers,82,51,31,3971.0,107.1,102.8,4.3,56.7,1.61,16.8,28.2,72.8,51.0,14.2,50.8,54.4,95.06,52.2,"7,868"
Chicago Bulls,82,50,32,3976.0,106.3,103.3,3.0,59.3,1.56,16.6,31.2,70.9,51.6,14.7,48.9,53.6,93.80,52.9,"7,775"
Dallas Mavericks,82,50,32,3976.0,108.2,104.9,3.2,56.7,1.74,17.0,26.9,68.1,47.7,13.3,51.5,55.0,96.40,52.1,"7,976"
Toronto Raptors,82,49,33,3971.0,110.2,107.1,3.1,54.7,1.61,16.1,30.1,68.9,49.4,13.7,50.8,55.3,93.46,50.6,"7,736"
Washington Wizards,82,46,36,3991.0,103.0,102.4,0.6,62.7,1.60,18.1,28.8,72.6,51.4,15.7,49.9,53.4,94.29,52.5,"7,844"
New Orleans Pelicans,82,45,37,3956.0,107.1,106.3,0.8,58.1,1.66,17.1,30.9,71.2,51.1,14.3,50.1,53.7,92.29,50.8,"7,608"
Oklahoma City Thunder,82,45,37,3966.0,106.7,104.6,2.1,52.8,1.40,15.3,31.8,73.0,52.4,15.1,49.2,53.2,96.61,50.5,"7,988"
Milwaukee Bucks,82,41,41,3986.0,102.0,101.4,0.6,62.7,1.41,17.8,29.0,68.6,49.1,17.5,49.9,53.6,94.82,51.1,"7,867"
Boston Celtics,82,40,42,3976.0,103.8,103.5,0.3,62.9,1.77,18.0,28.9,71.0,49.5,14.2,48.9,52.3,96.71,49.8,"8,007"
Phoenix Suns,82,39,43,3976.0,104.2,105.3,-1.1,52.2,1.34,15.4,28.1,69.8,48.9,15.4,50.1,53.7,97.20,49.1,"8,058"
Brooklyn Nets,82,38,44,3986.0,103.4,106.3,-3.0,55.9,1.51,16.3,27.8,70.1,49.1,14.6,49.1,52.9,93.69,48.0,"7,777"
Indiana Pacers,82,38,44,3971.0,102.9,102.7,0.2,58.6,1.53,16.6,28.6,73.5,51.1,14.8,48.4,52.3,93.67,50.5,"7,753"
Utah Jazz,82,38,44,3941.0,104.2,104.1,0.1,56.3,1.30,15.8,33.2,71.5,52.4,16.8,49.4,53.1,91.10,50.7,"7,486"
Miami Heat,82,37,45,3946.0,103.2,106.1,-3.0,56.4,1.34,16.1,28.4,68.7,48.9,16.1,50.0,54.0,91.49,49.2,"7,526"
Charlotte Hornets,82,33,49,3981.0,99.6,103.0,-3.4,56.8,1.69,15.8,27.0,74.6,50.2,12.6,45.6,49.8,93.45,48.2,"7,753"
Detroit Pistons,82,32,50,3966.0,104.3,105.4,-1.1,58.2,1.61,16.4,31.6,71.2,50.5,14.2,48.2,51.5,93.68,47.8,"7,741"
Denver Nuggets,82,30,52,3976.0,103.9,107.1,-3.3,57.7,1.53,16.2,30.3,70.0,49.4,14.6,47.9,51.8,96.87,46.5,"8,011"
Sacramento Kings,82,29,53,3971.0,104.5,108.2,-3.7,55.4,1.25,15.5,31.3,71.5,51.9,16.8,49.0,54.2,96.16,48.5,"7,952"
Orlando Magic,82,25,57,3951.0,101.0,106.8,-5.9,55.0,1.39,16.2,26.9,71.6,49.1,15.7,49.4,52.4,94.51,45.5,"7,773"
Los Angeles Lakers,82,21,61,3986.0,102.3,109.4,-7.1,56.2,1.58,15.9,29.0,72.0,49.7,13.8,47.3,51.3,95.03,45.0,"7,892"
Philadelphia 76ers,82,18,64,3961.0,94.9,103.9,-9.0,60.9,1.16,15.5,29.3,68.6,48.0,18.3,45.9,49.4,96.45,42.6,"7,950"
New York Knicks,82,17,65,3971.0,98.9,109.0,-10.1,60.6,1.45,16.7,28.9,69.1,48.4,15.8,47.0,50.8,92.06,44.1,"7,618"
Minnesota Timberwolves,82,16,66,3961.0,101.8,110.9,-9.1,59.3,1.44,16.3,31.1,68.2,48.9,15.6,46.8,51.7,95.45,45.3,"7,873"
Golden State Warriors,82,73,9,3976.0,113.5,102.8,10.6,68.0,1.91,20.4,26.7,72.0,50.7,15.0,56.3,59.3,100.24,56.7,"8,303"
San Antonio Spurs,82,67,15,3941.0,109.3,98.2,11.1,61.1,1.88,18.8,26.6,74.6,51.6,13.8,52.6,56.4,94.54,57.8,"7,767"
Cleveland Cavaliers,82,57,25,3971.0,110.2,103.9,6.3,58.7,1.67,17.4,29.4,74.2,51.9,14.3,52.4,55.8,93.82,52.8,"7,764"
Toronto Raptors,82,56,26,3956.0,109.3,104.8,4.4,51.1,1.43,14.9,30.0,73.6,52.0,13.9,50.4,55.2,93.35,52.5,"7,707"
Oklahoma City Thunder,82,55,27,3966.0,112.1,104.8,7.4,55.8,1.44,16.7,34.7,72.0,54.1,16.2,52.4,56.5,97.54,54.6,"8,061"
LA Clippers,82,53,29,3966.0,107.2,102.7,4.5,59.6,1.76,17.4,23.4,69.7,47.2,13.3,52.4,55.6,96.81,53.3,"7,995"
Atlanta Hawks,82,48,34,3966.0,104.6,100.8,3.9,66.3,1.71,19.0,23.4,69.8,47.4,15.2,51.6,55.2,97.63,52.8,"8,059"
Boston Celtics,82,48,34,3956.0,105.8,102.5,3.3,61.6,1.76,17.4,29.0,70.7,49.5,13.8,48.8,53.1,99.43,52.0,"8,191"
Charlotte Hornets,82,48,34,3971.0,106.4,103.7,2.7,58.6,1.73,16.7,24.4,75.4,49.9,12.9,50.2,54.5,96.24,51.1,"7,966"
Miami Heat,82,48,34,3966.0,105.5,103.7,1.7,54.3,1.48,16.3,28.0,72.9,51.2,14.8,50.8,54.5,94.14,52.5,"7,779"
Indiana Pacers,82,45,37,3976.0,103.8,102.2,1.6,55.4,1.43,16.1,27.1,71.4,49.4,15.1,49.7,53.6,97.35,51.8,"8,068"
Detroit Pistons,82,44,38,3976.0,105.3,104.9,0.3,51.2,1.44,14.8,31.3,75.3,52.1,14.0,49.1,52.2,95.75,48.6,"7,942"
Portland Trail Blazers,82,44,38,3961.0,107.6,106.8,0.8,55.2,1.46,16.0,29.4,72.8,51.0,15.0,51.1,54.8,97.06,49.3,"8,012"
Chicago Bulls,82,42,40,3981.0,104.1,105.5,-1.4,59.1,1.64,17.0,29.0,71.4,50.6,14.2,48.7,52.6,96.60,49.4,"8,008"
Dallas Mavericks,82,42,40,4001.0,105.5,105.9,-0.4,59.2,1.73,17.0,24.1,72.3,48.4,13.2,50.2,54.4,95.34,50.3,"7,950"
Memphis Grizzlies,82,42,40,3966.0,104.7,107.1,-2.4,56.2,1.56,16.0,29.8,70.9,49.5,14.0,47.7,52.4,93.95,48.3,"7,763"
Houston Rockets,82,41,41,3966.0,107.3,107.3,0.0,58.9,1.39,16.4,29.7,69.2,49.2,16.1,51.6,55.3,98.42,49.0,"8,139"
Washington Wizards,82,41,41,3951.0,104.5,105.1,-0.5,61.9,1.69,18.1,25.0,73.7,49.0,14.5,51.1,54.4,99.16,49.7,"8,163"
Utah Jazz,82,40,42,3991.0,105.0,103.2,1.8,52.6,1.27,15.1,30.3,73.1,51.7,16.1,50.1,54.0,91.66,50.8,"7,625"
Orlando Magic,82,35,47,3981.0,104.4,106.0,-1.6,59.6,1.67,17.6,27.1,72.6,49.5,14.4,50.0,53.3,96.68,48.8,"8,018"
Denver Nuggets,82,33,49,3966.0,104.9,108.2,-3.3,60.1,1.55,16.9,30.4,73.2,51.3,15.1,48.9,53.1,96.34,47.9,"7,963"
Milwaukee Bucks,82,33,49,3966.0,103.4,107.8,-4.5,60.3,1.52,17.6,28.6,68.9,49.0,15.9,49.9,53.7,95.05,48.3,"7,858"
Sacramento Kings,82,33,49,3961.0,105.3,107.6,-2.3,61.2,1.52,17.6,28.1,71.7,50.0,16.0,51.0,54.6,100.66,49.4,"8,302"
New York Knicks,82,32,50,3961.0,103.9,106.7,-2.8,55.7,1.53,16.0,28.0,71.8,50.2,14.2,48.3,52.7,94.12,48.7,"7,763"
New Orleans Pelicans,82,30,52,3956.0,104.8,108.4,-3.7,57.7,1.65,16.8,25.2,74.8,49.3,13.7,49.8,53.7,97.64,47.2,"8,041"
Minnesota Timberwolves,82,29,53,3976.0,105.4,109.0,-3.5,61.9,1.56,17.6,27.9,70.2,49.4,15.5,49.8,54.9,96.20,49.7,"7,965"
Phoenix Suns,82,23,59,3941.0,101.5,107.9,-6.5,55.8,1.21,15.4,29.7,73.3,50.8,17.3,48.7,52.6,99.39,45.0,"8,152"
Brooklyn Nets,82,21,61,3951.0,102.4,109.7,-7.4,58.3,1.51,17.0,27.9,71.6,49.4,15.3,49.2,52.7,96.12,46.0,"7,903"
Los Angeles Lakers,82,17,65,3946.0,100.7,110.3,-9.7,51.3,1.31,14.1,27.1,71.2,48.4,14.2,46.0,50.9,96.55,42.4,"7,930"
Philadelphia 76ers,82,10,72,3961.0,98.4,108.6,-10.2,59.4,1.31,16.3,25.0,69.3,46.6,16.5,48.7,51.9,98.44,42.8,"8,119"
Golden State Warriors,82,67,15,3956.0,114.8,103.4,11.4,70.5,2.06,21.2,27.2,70.9,50.4,14.6,56.3,59.7,100.37,57.9,"8,279"
San Antonio Spurs,82,61,21,3961.0,110.3,102.9,7.4,60.6,1.77,18.1,28.2,73.0,51.1,14.1,52.4,56.4,94.86,55.1,"7,832"
Houston Rockets,82,55,27,3956.0,114.1,108.4,5.7,62.6,1.67,18.1,28.1,71.7,49.9,15.0,54.5,58.3,100.55,51.6,"8,289"
Boston Celtics,82,53,29,3951.0,110.6,108.0,2.6,65.3,1.90,18.8,25.9,70.5,48.5,13.6,52.5,56.7,97.21,51.4,"8,005"
Cleveland Cavaliers,82,51,31,3976.0,112.8,109.7,3.1,56.7,1.66,17.1,26.4,72.2,49.9,14.0,54.7,58.0,96.74,51.0,"8,019"
LA Clippers,82,51,31,3951.0,111.8,107.5,4.4,57.0,1.74,17.2,25.6,73.3,50.1,13.3,53.7,57.4,96.77,52.7,"7,968"
Toronto Raptors,82,51,31,3956.0,111.4,107.1,4.3,47.2,1.46,14.5,29.1,71.7,50.5,13.2,51.7,56.1,95.41,51.6,"7,867"
Utah Jazz,82,51,31,3951.0,109.0,104.7,4.3,54.4,1.48,16.2,27.0,74.3,51.4,14.8,52.6,56.3,92.09,53.4,"7,579"
Washington Wizards,82,49,33,3971.0,110.4,108.8,1.7,57.7,1.68,17.6,28.6,71.6,50.1,14.3,52.8,56.4,97.94,51.1,"8,109"
Oklahoma City Thunder,82,47,35,3961.0,107.9,107.1,0.8,53.2,1.40,15.5,32.3,74.2,52.8,15.2,50.0,54.0,98.18,49.9,"8,099"
Atlanta Hawks,82,43,39,3976.0,104.5,105.2,-0.7,62.1,1.50,17.4,28.2,71.7,50.2,16.0,50.4,54.1,97.76,50.6,"8,091"
Memphis Grizzlies,82,43,39,3981.0,107.0,106.5,0.5,58.4,1.65,16.5,29.5,73.1,50.7,13.7,49.1,53.5,92.84,50.1,"7,702"
Indiana Pacers,82,42,40,3971.0,107.9,108.1,-0.2,57.2,1.63,17.2,25.5,71.3,48.8,14.1,51.6,55.8,96.59,50.5,"7,989"
Milwaukee Bucks,82,42,40,3956.0,108.5,108.7,-0.2,62.4,1.73,18.5,26.0,70.6,48.7,14.6,52.7,56.5,94.99,50.4,"7,828"
Chicago Bulls,82,41,41,3956.0,106.5,106.2,0.3,58.4,1.66,16.8,31.1,73.3,51.9,14.0,48.7,53.0,96.02,50.4,"7,919"
Miami Heat,82,41,41,3956.0,107.4,106.4,1.0,54.4,1.58,16.3,28.4,71.8,49.9,14.0,51.2,54.1,95.51,50.0,"7,875"
Portland Trail Blazers,82,41,41,3986.0,109.4,110.0,-0.6,53.4,1.54,16.0,26.9,72.0,49.6,13.9,52.0,55.9,97.38,49.3,"8,088"
Denver Nuggets,82,40,42,3951.0,112.2,111.7,0.4,61.5,1.69,18.2,31.4,75.3,53.2,15.0,53.0,56.8,99.18,50.3,"8,167"
Detroit Pistons,82,37,45,3961.0,105.3,106.7,-1.4,53.0,1.78,16.1,28.6,77.5,51.9,12.3,49.2,52.1,95.52,48.2,"7,890"
Charlotte Hornets,82,36,46,3966.0,108.4,108.4,0.0,61.1,2.01,17.6,24.7,74.9,49.6,11.9,50.1,54.7,95.92,50.5,"7,934"
New Orleans Pelicans,82,34,48,3981.0,104.7,106.8,-2.1,58.2,1.77,17.1,22.8,72.8,48.0,12.9,50.4,53.9,98.56,49.3,"8,173"
Dallas Mavericks,82,33,49,3956.0,104.7,107.7,-3.0,57.4,1.75,16.8,21.6,73.3,46.5,12.7,50.5,54.1,93.11,47.9,"7,668"
Sacramento Kings,82,32,50,3976.0,106.6,110.8,-4.2,59.4,1.54,17.3,25.8,72.3,49.2,15.2,51.6,55.6,95.42,47.8,"7,911"
Minnesota Timberwolves,82,31,51,3961.0,110.0,110.9,-0.9,60.0,1.69,17.7,30.9,71.0,50.7,14.6,51.1,55.5,95.48,50.1,"7,870"
New York Knicks,82,31,51,3971.0,107.1,110.7,-3.6,55.1,1.57,16.3,30.5,69.8,50.0,14.3,49.6,53.4,96.63,48.2,"7,990"
Orlando Magic,82,29,53,3961.0,103.7,110.3,-6.5,58.0,1.67,16.8,26.7,72.6,49.1,13.7,48.9,52.4,96.90,46.0,"7,989"
Philadelphia 76ers,82,28,54,3966.0,102.7,108.2,-5.5,63.1,1.43,17.4,27.3,70.9,49.0,16.7,50.1,53.9,99.07,47.0,"8,179"
Los Angeles Lakers,82,26,56,3941.0,105.3,112.0,-6.7,53.2,1.38,15.6,28.4,71.7,49.4,15.3,50.1,53.7,99.26,44.6,"8,143"
Phoenix Suns,82,24,58,3966.0,106.1,111.3,-5.2,49.1,1.27,14.4,29.9,71.8,50.3,15.2,49.3,53.8,100.85,46.2,"8,320"
Brooklyn Nets,82,20,62,3951.0,103.6,110.1,-6.5,56.6,1.29,15.9,24.1,71.6,48.3,16.2,50.7,55.1,101.75,46.0,"8,371"
Houston Rockets,82,65,17,3951.0,114.1,105.7,8.4,55.7,1.56,16.4,25.4,75.0,50.3,14.1,55.1,59.0,98.02,53.1,"8,078"
Toronto Raptors,82,59,23,3966.0,113.0,105.3,7.7,59.0,1.82,17.9,27.4,72.5,50.2,13.5,53.9,57.5,98.02,53.8,"8,104"
Golden State Warriors,82,58,24,3946.0,112.8,106.8,5.9,68.5,1.90,20.9,24.3,71.2,49.7,15.3,56.9,60.3,100.35,55.4,"8,251"
Boston Celtics,82,55,27,3961.0,106.8,103.2,3.6,58.6,1.60,17.0,26.3,73.9,50.4,14.4,51.8,55.2,96.75,51.9,"7,987"
Philadelphia 76ers,82,52,30,3956.0,108.5,103.9,4.6,66.3,1.64,19.1,28.6,73.6,52.0,16.3,53.5,56.8,100.75,54.2,"8,299"
Cleveland Cavaliers,82,50,32,3946.0,112.0,111.1,1.0,57.9,1.70,17.5,24.3,73.0,49.2,13.9,54.7,58.4,98.72,50.2,"8,114"
Portland Trail Blazers,82,49,33,3951.0,108.4,105.7,2.7,49.6,1.44,15.0,27.9,74.6,51.3,13.9,51.1,54.9,97.11,51.0,"7,992"
Indiana Pacers,82,48,34,3951.0,108.5,107.3,1.3,54.4,1.67,16.8,27.1,72.1,49.6,13.6,52.5,55.7,96.84,50.9,"7,977"
New Orleans Pelicans,82,48,34,3991.0,108.5,107.4,1.1,62.7,1.79,19.0,24.0,72.6,49.4,14.5,54.1,57.3,101.48,52.5,"8,443"
Oklahoma City Thunder,82,48,34,3966.0,110.1,106.4,3.7,53.5,1.53,15.8,32.0,72.5,51.5,14.3,51.4,54.6,97.34,50.8,"8,036"
Utah Jazz,82,48,34,3951.0,107.4,103.0,4.4,58.6,1.53,17.1,25.6,75.6,50.9,15.2,52.7,56.4,96.58,53.2,"7,951"
Minnesota Timberwolves,82,47,35,3961.0,112.5,110.2,2.3,55.3,1.82,17.0,28.9,72.0,50.3,12.8,52.3,56.6,96.75,51.8,"7,985"
San Antonio Spurs,82,47,35,3946.0,107.1,104.1,3.0,58.3,1.73,17.3,27.7,74.1,50.8,13.7,50.7,54.3,95.70,52.5,"7,867"
Denver Nuggets,82,46,36,3976.0,111.4,110.0,1.4,61.7,1.68,18.2,30.0,73.6,51.7,15.1,53.6,57.0,97.69,51.1,"8,095"
Miami Heat,82,44,38,3986.0,106.2,105.8,0.4,58.5,1.58,17.1,26.1,74.1,50.1,14.8,52.0,55.1,96.10,50.5,"7,985"
Milwaukee Bucks,82,44,38,3966.0,109.0,109.1,-0.2,58.5,1.68,17.7,24.4,70.9,48.0,14.2,53.1,57.1,97.03,50.2,"8,013"
Washington Wizards,82,43,39,3971.0,108.1,107.7,0.4,63.1,1.73,18.4,27.4,73.2,50.4,14.8,52.5,56.0,97.67,50.9,"8,087"
LA Clippers,82,42,40,3941.0,109.4,109.2,0.2,55.5,1.52,16.5,28.4,71.8,50.4,14.7,52.7,56.4,99.54,49.7,"8,167"
Detroit Pistons,82,39,43,3961.0,106.6,106.7,-0.1,58.2,1.70,17.1,26.9,74.0,49.9,13.8,51.2,54.3,96.75,48.9,"7,981"
Charlotte Hornets,82,36,46,3956.0,109.0,109.0,-0.1,55.4,1.70,16.1,27.1,76.3,51.2,12.8,50.8,54.9,98.66,50.0,"8,143"
Los Angeles Lakers,82,35,47,3981.0,106.0,107.3,-1.3,58.4,1.51,17.0,27.9,72.9,50.5,15.5,51.7,54.8,100.90,49.1,"8,361"
New York Knicks,82,29,53,3966.0,106.3,109.7,-3.4,57.3,1.58,17.2,28.9,72.7,50.9,15.0,51.0,54.4,97.64,48.1,"8,059"
Brooklyn Nets,82,28,54,3971.0,106.1,109.7,-3.6,61.9,1.56,17.3,25.1,73.1,48.9,15.1,51.4,55.1,99.66,47.4,"8,238"
Chicago Bulls,82,27,55,3971.0,103.4,110.5,-7.0,60.7,1.68,17.3,25.6,76.7,50.0,14.1,49.7,52.9,98.65,45.3,"8,160"
Sacramento Kings,82,27,55,3951.0,103.1,110.4,-7.3,55.6,1.57,16.6,26.4,73.1,48.9,14.3,50.2,52.9,95.50,45.1,"7,860"
Orlando Magic,82,25,57,3946.0,104.7,109.4,-4.7,60.4,1.61,17.5,24.8,71.4,48.0,14.7,51.2,54.5,98.58,47.2,"8,096"
Atlanta Hawks,82,24,58,3941.0,104.4,110.1,-5.7,62.2,1.53,17.6,26.3,71.9,48.9,15.7,51.2,54.7,98.76,46.8,"8,114"
Dallas Mavericks,82,24,58,3961.0,105.4,108.4,-2.9,59.4,1.85,17.3,22.4,74.9,47.8,12.7,51.3,54.4,96.53,47.5,"7,959"
Memphis Grizzlies,82,22,60,3941.0,103.6,110.4,-6.8,58.6,1.44,16.6,27.6,72.1,49.3,15.6,50.0,53.9,95.65,46.0,"7,865"
Phoenix Suns,82,21,61,3941.0,102.8,111.7,-9.0,55.3,1.35,15.6,27.1,72.4,49.3,15.5,49.5,53.2,101.14,44.2,"8,293"
Milwaukee Bucks,82,60,22,3956.0,113.5,104.9,8.6,60.1,1.88,18.3,25.0,75.7,51.6,13.3,55.0,58.3,103.57,55.3,"8,533"
Toronto Raptors,82,58,24,3976.0,112.6,106.8,5.8,60.3,1.81,18.2,26.5,72.6,50.2,13.8,54.3,57.9,100.51,53.3,"8,334"
Golden State Warriors,82,57,25,3961.0,115.0,108.6,6.5,66.8,2.06,20.4,25.7,72.7,50.5,13.9,56.5,59.6,101.74,54.6,"8,390"
Denver Nuggets,82,54,28,3946.0,112.1,108.1,4.0,65.3,2.04,19.3,30.8,74.4,52.4,13.6,52.7,55.8,98.49,52.4,"8,096"
Houston Rockets,82,53,29,3966.0,114.9,110.1,4.8,54.1,1.59,15.9,26.9,70.0,48.1,13.5,54.2,58.1,98.39,49.8,"8,130"
Portland Trail Blazers,82,53,29,3971.0,113.7,109.5,4.2,54.4,1.66,16.6,30.8,73.9,52.6,13.7,52.8,56.8,99.96,52.1,"8,269"
Philadelphia 76ers,82,51,31,3961.0,111.6,109.0,2.6,64.8,1.80,18.7,27.8,74.1,51.7,14.4,53.2,57.4,102.59,52.9,"8,467"
Utah Jazz,82,50,32,3951.0,110.3,105.3,5.0,64.4,1.72,18.5,27.5,75.9,52.2,14.9,53.8,57.2,100.84,53.9,"8,308"
Boston Celtics,82,49,33,3956.0,111.3,107.0,4.3,62.4,2.05,18.8,25.7,72.8,49.5,12.7,53.4,56.7,100.43,53.0,"8,282"
Oklahoma City Thunder,82,49,33,3971.0,109.8,106.5,3.4,54.8,1.67,16.3,29.8,73.8,50.9,13.4,51.4,54.5,103.38,50.6,"8,549"
Indiana Pacers,82,48,34,3941.0,109.4,106.0,3.4,62.8,1.90,18.9,26.9,72.2,49.9,13.9,53.0,56.1,98.64,52.7,"8,097"
LA Clippers,82,48,34,3966.0,111.4,110.4,1.0,58.2,1.65,17.1,26.3,72.2,50.0,14.1,52.9,57.5,102.66,50.5,"8,475"
San Antonio Spurs,82,48,34,3961.0,112.2,110.6,1.6,58.0,2.03,18.1,24.6,74.4,50.1,12.2,53.4,57.2,98.88,51.6,"8,162"
Brooklyn Nets,82,42,40,3996.0,108.9,109.0,-0.1,59.2,1.58,16.9,28.2,72.0,50.1,14.6,52.0,55.6,101.52,49.2,"8,452"
Orlando Magic,82,42,40,3956.0,108.2,107.6,0.6,63.2,1.94,18.6,25.9,75.4,50.4,13.3,51.8,55.0,98.65,50.8,"8,133"
Detroit Pistons,82,41,41,3971.0,108.4,108.7,-0.3,57.9,1.63,16.5,29.1,74.5,50.9,14.0,50.9,54.4,97.88,48.2,"8,101"
Charlotte Hornets,82,39,43,3966.0,110.7,112.0,-1.3,57.8,1.90,17.0,26.8,73.1,49.5,12.2,51.4,55.4,99.18,48.6,"8,202"
Miami Heat,82,39,43,3946.0,106.7,107.1,-0.4,61.2,1.65,17.6,29.1,73.1,50.9,14.9,51.5,54.2,98.73,50.1,"8,122"
Sacramento Kings,82,39,43,3946.0,109.6,110.8,-1.2,58.8,1.90,17.7,26.8,71.3,48.7,12.8,52.4,55.4,103.88,49.5,"8,545"
Los Angeles Lakers,82,37,45,3956.0,107.4,108.9,-1.6,60.0,1.63,17.8,27.0,72.5,50.2,15.0,52.7,55.4,103.60,49.5,"8,534"
Minnesota Timberwolves,82,36,46,3966.0,110.6,112.2,-1.6,59.1,1.88,17.4,29.2,70.9,49.7,12.9,51.1,55.2,100.88,49.8,"8,341"
Dallas Mavericks,82,33,49,3956.0,108.7,110.1,-1.5,60.3,1.64,17.0,27.3,73.4,50.3,14.2,51.9,55.5,99.60,49.2,"8,216"
Memphis Grizzlies,82,33,49,3976.0,105.6,108.0,-2.4,63.1,1.71,17.9,24.7,72.4,48.4,14.3,50.8,54.8,97.15,49.0,"8,038"
New Orleans Pelicans,82,33,49,3951.0,110.7,112.0,-1.3,61.9,1.82,18.6,28.5,72.9,50.9,14.2,52.9,56.3,103.89,49.8,"8,553"
Washington Wizards,82,32,50,3986.0,110.2,112.9,-2.7,62.3,1.87,18.4,25.2,70.6,47.7,13.6,53.1,56.7,102.23,48.7,"8,486"
Atlanta Hawks,82,29,53,3971.0,107.5,113.1,-5.5,62.4,1.52,17.7,28.4,71.8,49.6,16.2,52.2,55.5,104.56,46.4,"8,642"
Chicago Bulls,82,22,60,3981.0,104.5,112.8,-8.3,55.0,1.55,16.3,24.2,72.7,48.3,14.1,50.5,54.1,99.30,45.3,"8,232"
Cleveland Cavaliers,82,19,63,3951.0,106.8,116.8,-10.0,53.2,1.54,15.6,28.2,73.2,49.6,13.8,50.3,54.0,97.37,43.6,"8,021"
Phoenix Suns,82,19,63,3976.0,105.3,114.2,-8.9,59.5,1.53,17.3,24.7,68.3,46.4,15.3,51.4,55.2,101.15,45.0,"8,371"
New York Knicks,82,17,65,3956.0,104.0,112.9,-8.9,52.5,1.43,14.9,26.4,71.7,48.6,14.0,49.0,52.9,100.16,44.2,"8,244"
Milwaukee Bucks,73,56,17,3519.0,111.9,102.5,9.4,59.8,1.71,18.0,24.1,77.5,52.4,14.2,55.2,58.3,105.51,56.2,"7,739"
Toronto Raptors,72,53,19,3476.0,110.8,104.7,6.1,62.7,1.70,18.1,25.6,72.1,49.6,14.6,53.6,57.4,101.19,53.0,"7,328"
Los Angeles Lakers,71,52,19,3418.0,111.7,106.1,5.6,60.0,1.67,18.0,28.3,73.7,51.2,14.9,54.2,57.3,101.20,53.9,"7,211"
LA Clippers,72,49,23,3476.0,113.3,106.9,6.3,57.1,1.63,16.9,27.8,73.7,51.5,14.2,53.5,57.7,102.16,53.2,"7,396"
Boston Celtics,72,48,24,3486.0,112.8,106.5,6.3,55.7,1.66,16.7,28.3,73.1,50.9,13.7,53.1,57.0,99.92,53.1,"7,255"
Denver Nuggets,73,46,27,3549.0,112.6,110.4,2.2,63.6,1.94,19.1,29.4,72.5,50.9,13.9,53.5,56.7,97.64,51.7,"7,217"
Indiana Pacers,73,45,28,3524.0,109.5,107.5,1.9,61.4,1.95,18.9,24.3,71.8,48.7,13.2,53.4,56.5,99.41,52.0,"7,299"
Houston Rockets,72,44,28,3476.0,112.5,109.8,2.7,53.0,1.47,15.5,24.9,71.3,48.0,14.0,53.7,57.8,104.04,49.4,"7,539"
Miami Heat,73,44,29,3549.0,111.9,109.3,2.7,65.7,1.74,18.8,25.7,75.3,51.2,14.9,54.7,58.7,98.70,52.5,"7,306"
Oklahoma City Thunder,72,44,28,3486.0,110.1,108.1,2.1,54.3,1.58,16.3,24.1,72.8,49.2,13.7,53.0,57.3,99.42,51.9,"7,218"
Utah Jazz,72,44,28,3471.0,111.8,109.3,2.5,56.0,1.48,16.8,26.1,74.6,51.2,15.2,54.9,58.5,99.15,51.3,"7,169"
Dallas Mavericks,75,43,32,3635.0,115.9,111.2,4.8,59.2,1.94,17.7,27.5,74.0,50.9,12.6,54.5,58.1,99.89,52.1,"7,569"
Philadelphia 76ers,73,43,30,3519.0,110.7,108.4,2.3,62.8,1.82,18.5,28.1,75.3,51.6,14.2,53.4,56.6,99.59,52.3,"7,304"
Brooklyn Nets,72,35,37,3496.0,108.7,109.2,-0.5,60.6,1.60,17.3,28.0,73.6,51.1,14.8,52.0,55.4,101.70,50.0,"7,404"
Portland Trail Blazers,74,35,39,3567.0,113.2,114.3,-1.1,48.8,1.61,15.2,26.6,71.2,49.2,12.6,53.3,57.0,101.17,48.6,"7,519"
Memphis Grizzlies,73,34,39,3514.0,108.7,109.7,-1.0,63.3,1.77,18.7,27.1,73.3,50.6,14.7,52.8,56.1,103.31,50.7,"7,562"
Phoenix Suns,73,34,39,3519.0,111.3,110.8,0.5,66.1,1.84,19.2,26.1,73.4,49.8,14.5,53.2,57.6,101.74,51.2,"7,449"
Orlando Magic,73,33,40,3514.0,107.9,109.2,-1.3,60.8,1.86,17.5,26.7,74.9,50.0,12.9,50.6,54.4,98.99,49.6,"7,255"
San Antonio Spurs,71,32,39,3443.0,111.7,112.6,-0.9,58.5,1.96,17.9,23.3,75.1,49.5,12.3,53.1,57.2,101.14,50.2,"7,249"
Sacramento Kings,72,31,41,3491.0,109.5,111.4,-1.9,58.2,1.64,17.4,25.8,73.6,49.2,14.4,53.4,56.6,99.60,47.9,"7,239"
New Orleans Pelicans,72,30,42,3486.0,110.5,111.8,-1.3,63.0,1.64,18.4,28.7,72.9,50.8,15.6,53.9,56.8,103.89,49.5,"7,548"
Washington Wizards,72,25,47,3471.0,110.2,114.7,-4.5,60.2,1.77,17.6,26.2,71.2,47.8,13.6,52.3,56.2,103.38,47.3,"7,475"
Charlotte Hornets,65,23,42,3150.0,105.9,112.8,-7.0,63.9,1.63,17.7,28.0,70.6,48.6,15.0,50.4,53.9,96.24,45.5,"6,317"
Chicago Bulls,65,22,43,3135.0,105.8,108.9,-3.1,58.7,1.50,16.9,26.7,71.9,48.1,15.3,51.5,54.7,100.46,46.6,"6,563"
New York Knicks,66,21,45,3193.0,105.9,112.4,-6.5,55.2,1.54,16.0,30.0,74.2,51.3,14.3,50.1,53.1,99.11,46.1,"6,594"
Atlanta Hawks,67,20,47,3256.0,107.0,114.4,-7.4,58.9,1.48,16.9,26.7,70.8,48.4,15.5,51.5,55.4,103.28,45.4,"6,999"
Detroit Pistons,66,20,46,3193.0,108.8,112.3,-3.5,61.2,1.58,17.7,27.7,71.7,49.3,15.5,52.9,56.1,97.86,47.3,"6,507"
Cleveland Cavaliers,65,19,46,3145.0,106.9,114.8,-7.9,57.3,1.40,16.8,29.6,73.8,51.2,16.5,52.2,55.3,99.17,45.3,"6,497"
Minnesota Timberwolves,64,19,45,3112.0,107.6,111.6,-4.0,59.0,1.55,16.7,26.4,73.1,48.8,14.6,51.4,55.1,103.94,47.2,"6,736"
Golden State Warriors,65,15,50,3145.0,104.4,113.0,-8.6,66.3,1.72,18.2,25.5,72.2,48.1,14.6,49.7,54.0,101.04,46.2,"6,623"
Utah Jazz,72,52,20,3471.0,116.5,107.5,9.0,57.3,1.66,17.3,28.4,75.7,52.9,14.2,56.3,59.7,99.37,54.2,"7,193"
Phoenix Suns,72,51,21,3496.0,116.3,110.4,5.9,62.2,2.15,19.6,24.8,74.1,50.0,12.6,56.4,59.7,98.00,53.4,"7,137"
Philadelphia 76ers,72,49,23,3486.0,112.5,107.0,5.5,57.2,1.64,17.2,27.7,73.7,51.1,14.3,54.1,57.9,100.12,53.6,"7,272"
Brooklyn Nets,72,48,24,3481.0,117.3,113.1,4.2,62.1,1.98,19.3,25.2,72.6,50.3,13.4,57.5,61.0,100.27,53.2,"7,280"
Denver Nuggets,72,47,25,3496.0,116.3,111.5,4.8,62.1,1.99,19.3,29.2,75.1,52.2,13.6,55.7,58.8,97.74,52.5,"7,123"
LA Clippers,72,47,25,3456.0,116.7,110.6,6.1,58.4,1.85,18.1,27.0,75.4,51.8,13.5,56.4,59.9,97.63,53.0,"7,036"
Milwaukee Bucks,72,46,26,3466.0,116.5,110.7,5.8,56.9,1.84,18.0,26.9,75.5,51.9,13.4,56.6,59.3,102.85,53.3,"7,423"
Dallas Mavericks,72,42,30,3461.0,114.6,112.3,2.3,55.7,1.90,17.2,25.3,73.4,49.6,12.3,55.0,58.2,97.94,51.0,"7,062"
Los Angeles Lakers,72,42,30,3491.0,109.8,106.8,2.9,60.7,1.62,18.0,26.9,74.8,51.1,15.2,53.6,56.9,98.85,51.7,"7,184"
Portland Trail Blazers,72,42,30,3461.0,117.1,115.3,1.8,51.5,1.92,15.9,27.3,73.1,49.5,11.2,54.0,57.7,98.97,49.3,"7,137"
Atlanta Hawks,72,41,31,3481.0,114.3,112.1,2.2,59.1,1.82,17.6,28.4,74.2,51.6,13.3,53.9,58.1,98.68,51.1,"7,160"
New York Knicks,72,41,31,3486.0,110.2,107.8,2.4,54.3,1.65,16.3,26.4,73.8,50.5,13.3,52.4,55.9,96.32,50.2,"6,994"
Miami Heat,72,40,32,3476.0,110.6,110.7,-0.1,67.1,1.87,19.5,24.0,73.3,49.1,14.4,54.6,58.1,97.09,50.9,"7,036"
Golden State Warriors,72,39,33,3461.0,110.5,109.4,1.1,67.0,1.84,19.6,22.2,72.7,48.0,14.6,55.1,58.3,102.81,51.0,"7,412"
Memphis Grizzlies,72,38,34,3481.0,111.7,110.5,1.2,62.8,2.03,18.9,28.5,73.6,50.7,13.1,52.8,56.0,100.77,51.1,"7,302"
Boston Celtics,72,36,36,3476.0,113.1,111.8,1.2,56.6,1.67,17.1,28.9,73.7,51.0,14.1,54.3,57.4,98.94,50.1,"7,172"
Indiana Pacers,72,34,38,3491.0,111.9,111.9,0.1,63.3,2.02,19.2,24.7,70.1,47.6,13.1,54.2,57.5,102.05,50.2,"7,419"
Washington Wizards,72,34,38,3481.0,110.7,112.3,-1.6,59.0,1.77,17.8,25.0,73.6,49.4,13.7,53.1,56.9,104.67,49.6,"7,585"
Charlotte Hornets,72,33,39,3471.0,110.1,112.0,-1.9,67.2,1.81,19.2,27.6,72.2,49.6,14.9,53.2,56.4,99.00,48.9,"7,159"
San Antonio Spurs,72,33,39,3496.0,110.5,112.0,-1.5,58.4,2.14,17.9,24.3,73.3,48.5,11.3,51.7,55.4,99.45,49.3,"7,236"
Chicago Bulls,72,31,41,3476.0,110.4,111.5,-1.1,63.5,1.77,19.2,26.7,76.7,51.9,15.1,54.7,57.5,99.58,49.9,"7,220"
New Orleans Pelicans,72,31,41,3486.0,113.0,113.3,-0.3,61.2,1.78,18.3,30.2,75.5,52.7,14.4,53.7,57.0,100.54,50.8,"7,303"
Sacramento Kings,72,31,41,3461.0,112.7,116.5,-3.8,59.9,1.91,18.4,25.3,71.3,48.2,13.3,54.9,57.8,100.71,48.1,"7,266"
Toronto Raptors,72,27,45,3461.0,111.6,112.0,-0.4,60.7,1.82,17.7,25.6,71.6,47.9,13.3,52.9,56.7,99.57,48.6,"7,177"
Minnesota Timberwolves,72,23,49,3481.0,109.3,114.5,-5.3,63.0,1.80,18.0,27.1,71.7,48.4,13.9,52.0,55.5,101.96,46.9,"7,389"
Cleveland Cavaliers,72,22,50,3486.0,105.2,113.5,-8.3,61.8,1.54,17.5,28.0,72.9,49.9,15.7,50.8,54.3,97.96,46.0,"7,107"
Oklahoma City Thunder,72,22,50,3471.0,102.8,113.4,-10.6,56.8,1.37,16.1,25.4,74.2,49.4,15.8,50.9,53.9,101.61,44.2,"7,353"
Orlando Magic,72,21,51,3466.0,104.6,113.9,-9.3,57.0,1.70,16.3,25.2,74.4,48.8,12.9,49.0,52.7,99.17,45.0,"7,158"
Detroit Pistons,72,20,52,3486.0,107.6,112.2,-4.5,62.6,1.62,17.8,26.7,72.5,49.3,15.1,51.9,55.6,98.19,47.3,"7,132"
Houston Rockets,72,17,55,3461.0,107.0,114.4,-7.4,60.1,1.60,17.2,24.0,72.3,47.4,14.5,52.1,55.3,101.69,45.1,"7,320"
Phoenix Suns,82,64,18,3946.0,114.2,106.8,7.5,62.7,2.12,19.5,26.4,72.8,50.3,12.9,54.9,58.1,100.26,54.8,"8,242"
Memphis Grizzlies,82,56,26,3956.0,114.3,108.9,5.3,59.7,1.97,17.9,33.8,72.6,52.6,13.0,52.2,55.3,100.52,53.0,"8,295"
Golden State Warriors,82,53,29,3946.0,112.1,106.6,5.5,66.9,1.82,19.5,26.9,73.6,51.0,15.0,55.2,58.2,98.74,53.6,"8,121"
Miami Heat,82,53,29,3971.0,113.0,108.4,4.5,64.4,1.75,18.8,27.8,73.5,51.0,14.9,54.7,58.4,96.53,52.9,"7,987"
Dallas Mavericks,82,52,30,3951.0,112.5,109.1,3.5,59.5,1.87,17.8,25.6,73.3,49.6,13.0,53.8,57.2,95.64,51.1,"7,871"
Boston Celtics,82,51,31,3981.0,113.6,106.2,7.4,60.9,1.82,18.2,27.7,72.5,50.9,13.9,54.2,57.8,97.26,54.7,"8,068"
Milwaukee Bucks,82,51,31,3951.0,114.3,111.1,3.2,57.2,1.78,17.3,26.9,74.7,51.2,13.3,54.6,58.0,100.59,51.6,"8,284"
Philadelphia 76ers,82,51,31,3961.0,113.0,110.2,2.8,60.2,1.89,17.9,24.6,72.4,49.0,12.9,53.4,57.8,96.71,51.7,"7,975"
Utah Jazz,82,49,33,3946.0,116.2,110.0,6.2,55.2,1.60,16.7,30.0,73.8,52.5,14.3,55.5,58.9,97.50,52.8,"8,014"
Denver Nuggets,82,48,34,3961.0,113.8,111.5,2.3,66.7,1.92,20.0,26.8,75.2,51.5,14.6,55.6,59.0,98.41,51.6,"8,123"
Toronto Raptors,82,48,34,3971.0,112.1,109.9,2.2,54.3,1.77,16.1,32.5,71.4,50.8,12.8,51.0,54.3,96.63,49.4,"8,000"
Chicago Bulls,82,46,36,3946.0,112.7,113.2,-0.5,57.2,1.86,17.8,24.9,73.5,49.5,13.0,54.1,57.9,98.76,49.6,"8,124"
Minnesota Timberwolves,82,46,36,3956.0,113.8,111.0,2.7,61.7,1.79,18.1,28.4,70.6,49.0,14.1,53.9,57.3,101.47,50.4,"8,357"
Brooklyn Nets,82,44,38,3951.0,113.2,112.3,0.9,60.2,1.80,18.3,28.1,70.4,49.9,14.1,54.0,57.6,99.40,51.2,"8,177"
Cleveland Cavaliers,82,44,38,3946.0,111.0,108.9,2.1,63.4,1.75,18.7,27.7,72.4,50.6,14.8,53.8,57.1,96.83,51.7,"7,964"
Atlanta Hawks,82,43,39,3941.0,115.4,113.7,1.6,59.3,2.08,18.1,26.9,73.1,50.1,12.0,54.3,58.1,98.67,50.9,"8,099"
Charlotte Hornets,82,43,39,3976.0,113.6,113.1,0.5,65.6,2.12,19.6,27.0,70.6,48.6,13.1,54.4,57.2,100.52,50.4,"8,322"
LA Clippers,82,42,40,3956.0,109.5,109.5,0.0,59.9,1.75,17.7,25.4,70.6,48.6,13.9,53.1,56.4,98.51,50.2,"8,121"
New York Knicks,82,37,45,3956.0,109.7,110.2,-0.4,58.1,1.65,16.4,29.1,74.0,51.2,13.7,51.3,55.0,96.42,49.1,"7,958"
New Orleans Pelicans,82,36,46,3951.0,111.2,112.0,-0.8,62.1,1.78,18.1,30.6,74.2,51.8,14.3,51.7,55.7,98.02,50.0,"8,060"
Washington Wizards,82,35,47,3966.0,110.2,113.6,-3.4,61.7,1.91,18.5,24.7,73.1,49.4,13.3,53.2,56.8,97.80,49.6,"8,079"
San Antonio Spurs,82,34,48,3961.0,111.9,111.7,0.2,64.6,2.19,19.5,28.1,71.1,49.4,12.6,52.7,55.6,100.51,51.0,"8,290"
Los Angeles Lakers,82,33,49,3996.0,110.0,112.8,-2.9,57.6,1.65,17.3,25.6,72.0,49.0,14.2,53.7,56.7,100.47,48.2,"8,360"
Sacramento Kings,82,30,52,3961.0,109.6,114.8,-5.2,58.5,1.68,17.3,25.9,71.4,48.4,14.0,52.5,56.1,100.10,47.3,"8,252"
Portland Trail Blazers,82,27,55,3946.0,107.3,116.3,-9.1,59.5,1.58,17.0,26.8,72.1,48.7,14.6,51.5,55.0,98.74,44.7,"8,120"
Indiana Pacers,82,25,57,3976.0,111.9,115.5,-3.6,61.2,1.76,18.1,31.0,72.5,51.2,14.5,53.1,56.4,98.55,47.8,"8,166"
Oklahoma City Thunder,82,24,58,3961.0,103.8,111.7,-8.0,58.0,1.59,16.4,25.6,72.7,48.7,14.0,49.7,53.0,99.39,45.1,"8,198"
Detroit Pistons,82,23,59,3956.0,105.6,113.3,-7.7,61.5,1.65,17.1,27.6,70.7,48.1,14.3,49.4,53.3,98.81,45.0,"8,141"
Orlando Magic,82,22,60,3956.0,103.9,112.1,-8.1,62.0,1.64,17.4,24.9,73.5,49.0,14.4,50.3,53.8,99.71,45.8,"8,223"
Houston Rockets,82,20,62,3951.0,108.1,116.4,-8.3,59.8,1.43,17.1,26.5,71.0,48.5,16.2,53.4,56.5,101.16,45.1,"8,323"
Milwaukee Bucks,82,58,24,3966.0,114.3,110.9,3.4,60.4,1.76,18.1,28.4,74.5,52.1,14.3,55.5,58.3,101.45,52.3,"8,389"
Boston Celtics,82,57,25,3996.0,117.3,110.6,6.7,63.2,2.00,19.1,25.5,74.6,50.6,13.3,56.6,60.0,99.15,53.4,"8,247"
Philadelphia 76ers,82,54,28,3976.0,117.0,112.7,4.4,61.6,1.84,18.6,25.8,72.1,49.6,13.9,56.3,60.8,97.44,52.4,"8,072"
Denver Nuggets,82,53,29,3951.0,116.8,113.5,3.3,66.3,1.99,20.5,28.9,72.7,51.4,14.7,57.3,60.1,98.74,52.5,"8,129"
Cleveland Cavaliers,82,51,31,3976.0,115.5,109.9,5.6,60.0,1.87,18.6,27.3,71.5,49.6,13.7,55.6,59.0,96.27,53.1,"7,972"
Memphis Grizzlies,82,51,31,3956.0,114.7,110.7,4.0,59.6,1.91,18.2,30.2,71.1,50.7,13.3,54.0,57.0,101.50,51.9,"8,360"
Sacramento Kings,82,48,34,3966.0,118.6,116.0,2.6,62.6,2.02,19.3,26.5,73.1,49.9,13.3,57.2,60.8,100.99,51.1,"8,343"
New York Knicks,82,47,35,3991.0,117.0,114.2,2.8,54.6,1.77,16.6,31.8,72.7,52.1,13.1,54.1,57.7,97.75,50.9,"8,134"
Brooklyn Nets,82,45,37,3946.0,114.6,113.5,1.1,61.6,1.86,18.9,23.4,68.9,47.2,13.9,56.2,59.8,98.77,51.0,"8,111"
Phoenix Suns,82,45,37,3956.0,114.5,112.3,2.2,64.7,2.01,19.3,30.7,71.4,50.8,13.6,53.5,57.0,98.83,51.4,"8,141"
Golden State Warriors,82,44,38,3966.0,115.1,113.4,1.7,69.1,1.83,20.4,27.7,71.9,50.2,15.8,57.1,60.0,102.54,51.0,"8,472"
LA Clippers,82,44,38,3966.0,114.0,113.6,0.5,58.1,1.68,17.5,27.3,73.1,50.5,14.3,55.1,58.8,98.84,49.8,"8,168"
Miami Heat,82,44,38,3961.0,112.3,112.8,-0.5,60.8,1.77,17.8,27.4,73.3,49.8,13.8,53.0,57.4,96.76,49.6,"7,991"
Los Angeles Lakers,82,43,39,3976.0,113.9,113.2,0.7,58.9,1.80,17.9,26.9,72.7,50.5,13.7,54.2,58.2,101.92,51.1,"8,436"
Minnesota Timberwolves,82,42,40,3966.0,113.3,113.1,0.2,61.0,1.71,18.6,25.8,70.3,48.5,15.0,56.0,59.2,101.55,50.3,"8,383"
New Orleans Pelicans,82,42,40,3971.0,113.8,112.0,1.9,61.6,1.77,18.5,29.0,73.2,51.2,14.5,54.3,58.2,99.58,51.4,"8,239"
Atlanta Hawks,82,41,41,3971.0,115.5,115.4,0.1,56.0,1.93,17.6,28.9,71.7,50.0,12.6,54.1,57.9,101.56,50.0,"8,407"
Toronto Raptors,82,41,41,3961.0,114.6,113.1,1.5,57.1,2.05,17.2,31.6,72.1,50.2,11.8,51.7,55.5,97.85,49.6,"8,076"
Chicago Bulls,82,40,42,3981.0,112.8,111.5,1.3,57.5,1.83,18.1,23.6,73.6,49.3,13.3,55.0,58.7,99.18,51.2,"8,225"
Oklahoma City Thunder,82,40,42,3971.0,114.2,113.2,1.0,56.7,1.87,17.2,28.9,69.3,48.7,12.7,53.1,57.0,101.94,49.8,"8,435"
Dallas Mavericks,82,38,44,3986.0,115.9,116.1,-0.2,57.3,1.88,17.4,22.6,71.7,47.1,12.4,56.5,59.9,97.21,48.7,"8,082"
Utah Jazz,82,37,45,3961.0,115.3,116.0,-0.7,61.1,1.69,18.2,30.8,71.1,51.2,15.1,54.7,58.4,101.02,49.8,"8,329"
Indiana Pacers,82,35,47,3951.0,113.8,117.1,-3.3,64.3,1.81,18.9,28.5,68.5,48.2,14.6,54.5,58.1,101.68,48.2,"8,377"
Washington Wizards,82,35,47,3951.0,113.7,114.9,-1.2,60.3,1.80,18.5,27.3,72.4,50.5,14.2,55.0,58.5,99.16,50.4,"8,161"
Orlando Magic,82,34,48,3956.0,111.3,113.7,-2.3,57.4,1.54,17.0,28.1,73.0,50.5,15.1,53.2,57.3,99.66,48.5,"8,205"
Portland Trail Blazers,82,33,49,3946.0,114.0,118.0,-4.0,59.7,1.67,17.8,26.4,70.9,48.6,14.5,54.9,58.9,99.25,47.4,"8,157"
Charlotte Hornets,82,27,55,3966.0,108.4,114.7,-6.3,60.9,1.77,17.8,27.6,71.7,49.1,13.9,51.6,55.1,101.47,47.3,"8,390"
Houston Rockets,82,22,60,3951.0,110.5,118.6,-8.1,55.1,1.38,16.0,34.4,72.9,53.0,16.2,51.6,55.4,99.74,45.7,"8,220"
San Antonio Spurs,82,22,60,3971.0,109.7,119.6,-9.9,63.2,1.78,18.7,29.9,70.9,49.5,14.8,52.5,55.4,102.07,45.2,"8,451"
Detroit Pistons,82,17,65,3961.0,109.9,117.8,-7.9,58.1,1.52,16.7,29.2,70.2,49.1,15.0,52.0,56.1,99.88,44.9,"8,231"
Boston Celtics,82,64,18,3966.0,122.2,110.6,11.7,61.3,2.25,19.3,28.7,72.6,51.5,12.1,57.8,60.9,97.98,55.5,"8,090"
Denver Nuggets,82,57,25,3941.0,117.8,112.3,5.5,66.9,2.33,20.9,30.0,71.8,51.5,13.0,56.2,58.9,97.43,53.3,"7,996"
Oklahoma City Thunder,82,57,25,3961.0,118.3,111.0,7.3,60.9,2.14,19.4,25.0,69.8,48.4,12.5,57.3,60.8,100.85,53.8,"8,324"
Minnesota Timberwolves,82,56,26,3961.0,114.6,108.4,6.3,64.6,1.88,19.3,27.5,72.5,50.8,14.4,55.9,59.4,97.79,54.3,"8,081"
LA Clippers,82,51,31,3941.0,117.9,114.6,3.4,60.4,1.95,18.7,28.3,70.5,50.2,13.4,56.1,59.9,97.93,52.0,"8,040"
Dallas Mavericks,82,50,32,3941.0,117.0,114.9,2.1,59.6,2.05,18.5,25.7,71.1,48.5,12.4,56.2,59.2,100.60,50.6,"8,263"
New York Knicks,82,50,32,3946.0,117.3,112.4,4.9,59.0,1.84,17.8,33.3,72.9,52.7,13.8,54.0,57.4,95.96,51.5,"7,883"
Milwaukee Bucks,82,49,33,3961.0,117.6,115.0,2.6,61.5,2.05,19.0,25.5,73.1,49.9,12.8,56.8,60.1,100.51,51.1,"8,295"
New Orleans Pelicans,82,49,33,3941.0,116.5,111.9,4.6,63.4,2.07,19.4,27.8,72.5,50.5,13.2,55.8,59.1,98.70,52.4,"8,101"
Phoenix Suns,82,49,33,3956.0,116.8,113.7,3.1,63.7,1.82,19.4,29.2,71.4,51.4,15.0,56.5,60.3,99.00,52.7,"8,158"
Cleveland Cavaliers,82,48,34,3961.0,114.7,112.1,2.5,67.1,2.07,20.2,27.4,72.1,50.1,13.8,55.7,58.6,97.62,51.9,"8,053"
Indiana Pacers,82,47,35,3941.0,120.5,117.6,2.9,65.4,2.38,21.0,28.4,70.0,49.2,12.6,57.8,60.6,102.16,51.7,"8,389"
Los Angeles Lakers,82,47,35,3971.0,115.4,114.8,0.6,65.4,2.04,20.1,24.4,72.5,49.6,13.7,56.6,60.1,101.38,51.8,"8,387"
Orlando Magic,82,47,35,3956.0,112.9,110.8,2.2,61.0,1.68,18.1,29.7,73.7,51.5,15.0,54.1,57.7,97.37,51.3,"8,022"
Philadelphia 76ers,82,47,35,3956.0,116.2,113.0,3.1,60.0,2.07,18.0,29.2,70.1,49.3,12.2,53.2,57.4,98.17,50.6,"8,090"
Golden State Warriors,82,46,36,3966.0,116.9,114.5,2.4,67.1,2.05,20.1,31.5,72.5,52.1,14.2,55.7,58.6,99.91,51.2,"8,261"
Miami Heat,82,46,36,3951.0,113.3,111.5,1.8,64.8,2.04,19.1,26.1,73.4,49.8,13.0,53.8,57.8,96.88,50.9,"7,975"
Sacramento Kings,82,46,36,3971.0,116.2,114.4,1.8,65.4,2.16,19.9,28.5,74.4,50.7,13.1,55.6,58.2,99.46,50.0,"8,226"
Houston Rockets,82,41,41,3971.0,113.7,112.8,0.9,59.4,1.95,17.7,29.4,72.2,50.4,12.7,52.9,56.5,99.59,50.1,"8,248"
Chicago Bulls,82,39,43,3996.0,114.0,115.7,-1.7,59.4,2.04,18.2,29.1,71.7,50.1,12.4,53.4,56.8,96.94,49.3,"8,078"
Atlanta Hawks,82,36,46,3971.0,116.4,118.4,-2.0,61.8,1.96,18.4,30.8,71.7,50.4,13.3,53.9,57.6,100.84,48.2,"8,339"
Brooklyn Nets,82,32,50,3961.0,112.4,115.4,-2.9,63.0,1.95,18.6,28.9,71.5,49.7,13.4,53.1,56.1,97.56,48.3,"8,050"
Utah Jazz,82,31,51,3961.0,114.5,119.6,-5.1,64.8,1.74,18.9,32.5,71.7,52.1,15.5,53.9,57.9,100.26,47.8,"8,281"
Memphis Grizzlies,82,27,55,3956.0,106.8,113.7,-6.9,64.4,1.64,17.9,28.7,70.6,48.8,15.2,50.9,54.3,98.68,45.8,"8,128"
Toronto Raptors,82,25,57,3961.0,111.8,118.1,-6.3,67.4,2.04,19.9,28.1,69.4,48.4,13.9,53.5,56.6,99.91,47.4,"8,241"
San Antonio Spurs,82,22,60,3966.0,109.3,115.6,-6.4,71.2,1.97,20.5,26.9,72.1,49.2,14.8,53.2,56.3,101.80,48.0,"8,413"
Charlotte Hornets,82,21,61,3946.0,108.6,119.2,-10.6,62.0,1.80,18.4,25.3,70.9,47.5,14.0,52.9,56.0,97.81,44.7,"8,047"
Portland Trail Blazers,82,21,61,3976.0,107.6,116.6,-9.0,58.7,1.52,16.7,32.0,69.7,49.8,15.4,50.3,53.9,97.88,43.4,"8,103"
Washington Wizards,82,15,67,3946.0,110.2,118.9,-8.7,65.0,2.00,19.5,24.0,68.3,45.9,13.6,53.8,56.7,103.07,45.4,"8,461"
Detroit Pistons,82,14,68,3951.0,109.0,118.0,-9.0,62.3,1.67,18.2,27.7,73.0,49.9,15.1,52.6,56.2,100.45,44.9,"8,269"
